date,Total Nonfinancial,Households and Nonprofits,Nonfinancial Business,Federal Government,State and Local Governments,GDP,Total Nonfinancial Debt Growth,Households and Nonprofits Debt Growth,Nonfinancial Business Debt Growth,Federal Government Debt Growth,State and Local Governments Debt Growth,Nonfinancial Corporate Business,Nonfinancial Noncorporate Business,Noncorporate Business; Nonmortgage Depository Loans,Noncorporate Business; Mortgages,Noncorporate Business; Other,Corporate Business; Corporate Bonds,Corporate Business; Nonmortgage Depository Loans,Corporate Business; Mortgages,Corporate Business; Commercial Paper,Corporate Business; Other,Total Nonfinancial; Percent of GDP,Households and Nonprofits; Percent of GDP,Nonfinancial Business; Percent of GDP,Federal Government; Percent of GDP,State and Local Governments; Percent of GDP,Nonfinancial Corporate Business; Percent of GDP,Nonfinancial Noncorporate Business; Percent of GDP,Noncorporate Nonmortgage Depository Loans; Percent of GDP,Noncorporate Mortgages; Percent of GDP,Noncorporate Other Nonfinancial Debt; Percent of GDP,Corporate Bonds; Percent of GDP,Corporate Nonmortgage Depository Loans; Percent of GDP,Corporate Mortgages; Percent of GDP,Corporate Commercial Paper; Percent of GDP,Corporate Other; Percent of GDP,Households and Nonprofits; Share of Total Nonfinancial Debt,Nonfinancial Business; Share of Total Nonfinancial Debt,Federal Governments; Share of Total Nonfinancial Debt,State and Local Governments; Share of Total Nonfinancial Debt,Nonfinancial Corporate Business; Share of Total Nonfinancial Business Debt,Nonfinancial Noncorporate Business; Share of Total Nonfinancial Business Debt,Noncorporate Nonmortgage Depository Loans; Share of Nonfinancial Noncorporate Business Debt,Noncorporate Mortgages; Share of Nonfinancial Noncorporate Business Debt,Noncorporate Other; Share of Nonfinancial Noncorporate Business Debt,Corporate Bonds; Share of Nonfinancial Corporate Business Debt,Corporate Nonmortgage Depository Loans; Share of Nonfinancial Corporate Business Debt,Corporate Mortgages; Share of Nonfinancial Corporate Business Debt,Corporate Commercial Paper; Share of Nonfinancial Corporate Business Debt,Corporate Other; Share of Nonfinancial Corporate Business Debt
2025:Q3,79670639,20692857,22080054,33238519,3659209,31095089,8.788,4.073,3.929,15.498,5.491,14132492,7947561,1722155,5722940,502467,7320501,1123628,1469538,261062,3957763,256.2,66.5,71,106.9,11.8,45.4,25.6,5.5,18.4,1.6,23.5,3.6,4.7,0.8,12.7,0.26,0.277,0.417,0.046,0.64,0.36,0.217,0.72,0.063,0.518,0.08,0.104,0.018,0.28
2025:Q2,77959215,20485468,21865381,31998709,3609657,30485729,3.141,3.917,3.988,1.478,8.48,13975179,7890202,1730234,5659512,500456,7236151,1115707,1444555,280469,3898297,255.7,67.2,71.7,105,11.8,45.8,25.9,5.7,18.6,1.6,23.7,3.7,4.7,0.9,12.8,0.263,0.28,0.41,0.046,0.639,0.361,0.219,0.717,0.063,0.518,0.08,0.103,0.02,0.279
2025:Q1,77433725,20339616,21678474,31880912,3534723,30042113,3.49,1.851,5.137,3.342,4.2,13847420,7831054,1722151,5611190,497713,7291157,1084362,1423522,232796,3815583,257.8,67.7,72.2,106.1,11.8,46.1,26.1,5.7,18.7,1.7,24.3,3.6,4.7,0.8,12.7,0.263,0.28,0.412,0.046,0.639,0.361,0.22,0.717,0.064,0.527,0.078,0.103,0.017,0.276
2024:Q4,76861076,20253029,21493330,31616718,3497999,29825182,4.2,3.317,0.922,7.649,-1.028,13710724,7782606,1711985,5572604,498017,7178587,1156854,1407497,196313,3771473,257.7,67.9,72.1,106,11.7,46,26.1,5.7,18.7,1.7,24.1,3.9,4.7,0.7,12.6,0.264,0.28,0.411,0.046,0.638,0.362,0.22,0.716,0.064,0.524,0.084,0.103,0.014,0.275
2024:Q3,76462501,20366245,21565804,31023437,3507015,29511664,5.667,2.976,3.283,9.357,3.808,13846060,7719743,1702041,5528573,489129,7203254,1273048,1410038,192424,3767296,259.1,69,73.1,105.1,11.9,46.9,26.2,5.8,18.7,1.7,24.4,4.3,4.8,0.7,12.8,0.266,0.282,0.406,0.046,0.642,0.358,0.22,0.716,0.063,0.52,0.092,0.102,0.014,0.272
2024:Q2,75395399,20216840,21390294,30314320,3473944,29147044,3.743,2.857,4.013,3.906,5.837,13721094,7669200,1702000,5486468,480732,7094093,1286234,1390641,233995,3716131,258.7,69.4,73.4,104,11.9,47.1,26.3,5.8,18.8,1.6,24.3,4.4,4.8,0.8,12.7,0.268,0.284,0.402,0.046,0.641,0.359,0.222,0.715,0.063,0.517,0.094,0.101,0.017,0.271
2024:Q1,74698521,20074366,21179041,30021136,3423978,28708161,5.049,3.109,3.957,7.456,2.298,13554635,7624405,1697689,5456053,470663,7028736,1253983,1384710,238620,3648586,260.2,69.9,73.8,104.6,11.9,47.2,26.6,5.9,19,1.6,24.5,4.4,4.8,0.8,12.7,0.269,0.284,0.402,0.046,0.64,0.36,0.223,0.716,0.062,0.519,0.093,0.102,0.018,0.269
2023:Q4,73768328,19920433,20971661,29471810,3404424,28424722,4.438,2.222,0.621,9.394,-1.098,13385390,7586271,1703372,5410364,472535,6923942,1243868,1369553,217959,3630068,259.5,70.1,73.8,103.7,12,47.1,26.7,6,19,1.7,24.4,4.4,4.8,0.8,12.8,0.27,0.284,0.4,0.046,0.638,0.362,0.225,0.713,0.062,0.517,0.093,0.102,0.016,0.271
2023:Q3,72961985,19811355,20941288,28795543,3413798,28074846,6.053,3.124,1.201,12.489,-0.051,13388386,7552902,1697653,5383655,471594,6913658,1254880,1358229,199762,3661857,259.9,70.6,74.6,102.6,12.2,47.7,26.9,6,19.2,1.7,24.6,4.5,4.8,0.7,13,0.272,0.287,0.395,0.047,0.639,0.361,0.225,0.713,0.062,0.516,0.094,0.101,0.015,0.274
2023:Q2,71875947,19659283,20878725,27923706,3414233,27530055,5.32,3.069,1.498,10.258,2.072,13355705,7523019,1716894,5339619,466506,6909704,1269014,1347389,184900,3644698,261.1,71.4,75.8,101.4,12.4,48.5,27.3,6.2,19.4,1.7,25.1,4.6,4.9,0.7,13.2,0.274,0.29,0.388,0.048,0.64,0.36,0.228,0.71,0.062,0.517,0.095,0.101,0.014,0.273
2023:Q1,70933439,19510385,20800898,27225515,3396641,27216445,4.139,2.456,4.359,5.573,1.059,13309194,7491704,1726844,5288934,475925,6885222,1267899,1343932,179606,3632535,260.6,71.7,76.4,100,12.5,48.9,27.5,6.3,19.4,1.7,25.3,4.7,4.9,0.7,13.3,0.275,0.293,0.384,0.048,0.64,0.36,0.231,0.706,0.064,0.517,0.095,0.101,0.013,0.273
2022:Q4,70207860,19392091,20576723,26851376,3387670,26770514,2.903,3.02,3.246,3.53,-4.672,13155010,7421713,1712115,5233956,475642,6742080,1257260,1317117,197553,3641000,262.3,72.4,76.9,100.3,12.7,49.1,27.7,6.4,19.6,1.8,25.2,4.7,4.9,0.7,13.6,0.276,0.293,0.382,0.048,0.639,0.361,0.231,0.705,0.064,0.513,0.096,0.1,0.015,0.277
2022:Q3,69756338,19226338,20485822,26616474,3427704,26336304,5.179,6.25,4.014,5.97,0.105,13193851,7291971,1671035,5156021,464915,6746311,1237497,1298313,210574,3701156,264.9,73,77.8,101.1,13,50.1,27.7,6.3,19.6,1.8,25.6,4.7,4.9,0.8,14.1,0.276,0.294,0.382,0.049,0.644,0.356,0.229,0.707,0.064,0.511,0.094,0.098,0.016,0.281
2022:Q2,68865591,18931382,20282329,26225074,3426806,25861292,5.396,7.519,6.659,3.324,2.239,13109779,7172550,1630207,5083031,459311,6743322,1246632,1265287,168327,3686211,266.3,73.2,78.4,101.4,13.3,50.7,27.7,6.3,19.7,1.8,26.1,4.8,4.9,0.7,14.3,0.275,0.295,0.381,0.05,0.646,0.354,0.227,0.709,0.064,0.514,0.095,0.097,0.013,0.281
2022:Q1,67935456,18582955,19935824,26008949,3407728,25250347,8.599,8.36,7.466,11.136,-2.392,12904176,7031647,1593467,4987807,450374,6788109,1148133,1216001,133266,3618667,269,73.6,79,103,13.5,51.1,27.8,6.3,19.8,1.8,26.9,4.5,4.8,0.5,14.3,0.274,0.293,0.383,0.05,0.647,0.353,0.227,0.709,0.064,0.526,0.089,0.094,0.01,0.28
2021:Q4,66506590,18203301,19570573,25304484,3428232,24813600,8.608,7.618,7.11,11.808,-0.769,12679531,6891042,1555866,4904983,430193,6744669,1119282,1177433,138243,3499904,268,73.4,78.9,102,13.8,51.1,27.8,6.3,19.8,1.7,27.2,4.5,4.7,0.6,14.1,0.274,0.294,0.38,0.052,0.648,0.352,0.226,0.712,0.062,0.532,0.088,0.093,0.011,0.276
2021:Q3,65090184,17864281,19212142,24578926,3434835,23982379,4.123,7.133,4.697,1.741,2.531,12495484,6716657,1486596,4806415,423647,6781850,1087021,1113868,123108,3389637,271.4,74.5,80.1,102.5,14.3,52.1,28,6.2,20,1.8,28.3,4.5,4.6,0.5,14.1,0.274,0.295,0.378,0.053,0.65,0.35,0.221,0.716,0.063,0.543,0.087,0.089,0.01,0.271
2021:Q2,64432328,17552204,18994498,24472392,3413234,23425910,6.412,7.566,2.617,9.049,2.954,12331778,6662719,1528717,4725656,408346,6705051,1144825,1089445,110146,3282311,275,74.9,81.1,104.5,14.6,52.6,28.4,6.5,20.2,1.7,28.6,4.9,4.7,0.5,14,0.272,0.295,0.38,0.053,0.649,0.351,0.229,0.709,0.061,0.544,0.093,0.088,0.009,0.266
2021:Q1,62857935,16862873,18675830,23931020,3388212,22680693,5.17,5.962,4.755,5.249,2.988,12076408,6599423,1590437,4644949,364037,6666474,1206030,1072504,79093,3052307,277.1,74.3,82.3,105.5,14.9,53.2,29.1,7,20.5,1.6,29.4,5.3,4.7,0.3,13.5,0.268,0.297,0.381,0.054,0.647,0.353,0.241,0.704,0.055,0.552,0.1,0.089,0.007,0.253
2020:Q4,62057013,16616350,18456516,23621060,3363087,22087160,5.739,5.645,1.333,9.884,1.87,11952396,6504120,1586152,4564454,353514,6542850,1203901,1079757,132202,2993686,281,75.2,83.6,106.9,15.2,54.1,29.4,7.2,20.7,1.6,29.6,5.5,4.9,0.6,13.6,0.268,0.297,0.381,0.054,0.648,0.352,0.244,0.702,0.054,0.547,0.101,0.09,0.011,0.25
2020:Q3,61180818,16386578,18395320,23051482,3347438,21704437,5.257,5.511,0.278,9.076,5.672,12011887,6383433,1580789,4467203,335441,6535038,1336772,1074996,103707,2961374,281.9,75.5,84.8,106.2,15.4,55.3,29.4,7.3,20.6,1.5,30.1,6.2,5,0.5,13.6,0.268,0.301,0.377,0.055,0.653,0.347,0.248,0.7,0.053,0.544,0.111,0.089,0.009,0.247
2020:Q2,60389345,16165975,18382694,22540039,3300637,19958291,26.313,-0.477,15.314,62.266,4.016,12115674,6267020,1566672,4396094,304255,6471738,1545559,1066570,121359,2910448,302.6,81,92.1,112.9,16.5,60.7,31.4,7.8,22,1.5,32.4,7.7,5.3,0.6,14.6,0.268,0.304,0.373,0.055,0.659,0.341,0.25,0.701,0.049,0.534,0.128,0.088,0.01,0.24
2020:Q1,56663880,16187138,17704976,19503940,3267827,21751238,10.576,3.494,20.021,9.749,1.469,11642421,6062554,1482921,4318758,260875,6020908,1521407,1064020,189173,2846913,260.5,74.4,81.4,89.7,15,53.5,27.9,6.8,19.9,1.2,27.7,7,4.9,0.9,13.1,0.286,0.312,0.344,0.058,0.658,0.342,0.245,0.712,0.043,0.517,0.131,0.091,0.016,0.245
2019:Q4,55237471,16080502,16861205,19039898,3255866,21933217,3.955,3.564,2.299,5.954,2.869,10882731,5978474,1484519,4236972,256983,5833018,1052681,1046005,194530,2756497,251.8,73.3,76.9,86.8,14.8,49.6,27.3,6.8,19.3,1.2,26.6,4.8,4.8,0.9,12.6,0.291,0.305,0.345,0.059,0.645,0.355,0.248,0.709,0.043,0.536,0.097,0.096,0.018,0.253
2019:Q3,54700369,15929525,16777500,18760667,3232677,21717171,6.438,3.707,5.749,10.416,0.779,10829589,5947911,1480649,4215485,251777,5825480,1064398,1014810,200412,2724489,251.9,73.3,77.3,86.4,14.9,49.9,27.4,6.8,19.4,1.2,26.8,4.9,4.7,0.9,12.5,0.291,0.307,0.343,0.059,0.645,0.355,0.249,0.709,0.042,0.538,0.098,0.094,0.019,0.252
2019:Q2,53837459,15774236,16552308,18284524,3226392,21397938,3.817,4.191,4.112,4.171,-1.452,10629583,5922724,1477773,4193872,251080,5731248,1070494,955141,203009,2669691,251.6,73.7,77.4,85.4,15.1,49.7,27.7,6.9,19.6,1.2,26.8,5,4.5,0.9,12.5,0.293,0.307,0.34,0.06,0.642,0.358,0.25,0.708,0.042,0.539,0.101,0.09,0.019,0.251
2019:Q1,53332510,15602038,16396508,18095813,3238150,21111600,4.322,2.464,6.46,5.167,-2.072,10502394,5894114,1474579,4172135,247400,5656615,1055010,942696,218420,2629653,252.6,73.9,77.7,85.7,15.3,49.7,27.9,7,19.8,1.2,26.8,5,4.5,1,12.5,0.293,0.307,0.339,0.061,0.641,0.359,0.25,0.708,0.042,0.539,0.1,0.09,0.021,0.25
2018:Q4,52769629,15499229,16150364,17865026,3255010,20917867,4.109,2.821,4.668,6.006,-2.757,10284523,5865841,1467868,4150308,247665,5566033,1030522,915895,196467,2575606,252.3,74.1,77.2,85.4,15.6,49.2,28,7,19.8,1.2,26.6,4.9,4.4,0.9,12.3,0.294,0.306,0.339,0.062,0.637,0.363,0.25,0.708,0.042,0.541,0.1,0.089,0.019,0.25
2018:Q3,52237917,15395213,15964353,17600751,3277600,20798730,4.438,3.222,4.877,5.924,0.125,10174024,5790329,1448518,4098898,242914,5536750,950935,890480,232289,2563570,251.2,74,76.8,84.6,15.8,48.9,27.8,7,19.7,1.2,26.6,4.6,4.3,1.1,12.3,0.295,0.306,0.337,0.063,0.637,0.363,0.25,0.708,0.042,0.544,0.093,0.088,0.023,0.252
2018:Q2,51662969,15270086,15772430,17343876,3276576,20580912,4.287,3.048,3.187,7.185,0.103,10057001,5715429,1428761,4047486,239182,5473581,950314,884886,233228,2514992,251,74.2,76.6,84.3,15.9,48.9,27.8,6.9,19.7,1.2,26.6,4.6,4.3,1.1,12.2,0.296,0.305,0.336,0.063,0.638,0.362,0.25,0.708,0.042,0.544,0.094,0.088,0.023,0.25
2018:Q1,50801203,15163456,15324160,17037855,3275732,20328553,5.697,3.571,4.526,10.379,-2.812,9680018,5644142,1410346,3996048,237748,5471146,928711,848731,227845,2203585,249.9,74.6,75.4,83.8,16.1,47.6,27.8,6.9,19.7,1.2,26.9,4.6,4.2,1.1,10.8,0.298,0.302,0.335,0.064,0.632,0.368,0.25,0.708,0.042,0.565,0.096,0.088,0.024,0.228
2017:Q4,50091620,15032806,15152952,16606939,3298923,20037088,4.679,4.659,5.601,4.018,3.908,9578875,5574077,1390361,3944823,238893,5402282,924331,829749,206670,2215843,250,75,75.6,82.9,16.5,47.8,27.8,6.9,19.7,1.2,27,4.6,4.1,1,11.1,0.3,0.303,0.332,0.066,0.632,0.368,0.249,0.708,0.043,0.564,0.096,0.087,0.022,0.231
2017:Q3,49446002,14865129,14872085,16441783,3267004,19692595,4.641,2.992,5.608,6.251,-0.221,9416468,5455617,1358782,3862369,234466,5369962,932527,804956,208973,2100050,251.1,75.5,75.5,83.5,16.6,47.8,27.7,6.9,19.6,1.2,27.3,4.7,4.1,1.1,10.7,0.301,0.301,0.333,0.066,0.633,0.367,0.249,0.708,0.043,0.57,0.099,0.085,0.022,0.223
2017:Q2,48885262,14760798,14666848,16188804,3268810,19438643,4.963,3.946,6.889,5.18,-0.043,9326456,5340392,1327441,3779954,232997,5301642,941036,826372,191769,2065637,251.5,75.9,75.5,83.3,16.8,48,27.5,6.8,19.4,1.2,27.3,4.8,4.3,1,10.6,0.302,0.3,0.331,0.067,0.636,0.364,0.249,0.708,0.044,0.568,0.101,0.089,0.021,0.221
2017:Q1,48294056,14624099,14418957,15981842,3269158,19280084,2.649,3.968,6.084,-0.661,-1.824,9193604,5225353,1296364,3697541,231448,5227616,954050,831003,183634,1997301,250.5,75.9,74.8,82.9,17,47.7,27.1,6.7,19.2,1.2,27.1,4.9,4.3,1,10.4,0.303,0.299,0.331,0.068,0.638,0.362,0.248,0.708,0.044,0.569,0.104,0.09,0.02,0.217
2016:Q4,47918977,14487049,14139507,16008291,3284130,19089379,2.602,2.337,1.894,3.997,0.066,9027668,5111840,1263030,3615032,233778,5116088,971631,855279,180783,1903887,251,75.9,74.1,83.9,17.2,47.3,26.8,6.6,18.9,1.2,26.8,5.1,4.5,0.9,10,0.302,0.295,0.334,0.069,0.638,0.362,0.247,0.707,0.046,0.567,0.108,0.095,0.02,0.211
2016:Q3,47619994,14408690,14077797,15849914,3283593,18892639,4.633,3.61,5.169,5.784,1.324,9066346,5011451,1233973,3548207,229272,5131975,1012111,853954,151010,1917296,252.1,76.3,74.5,83.9,17.4,48,26.5,6.5,18.8,1.2,27.2,5.4,4.5,0.8,10.1,0.303,0.296,0.333,0.069,0.644,0.356,0.246,0.708,0.046,0.566,0.112,0.094,0.017,0.211
2016:Q2,47082606,14287226,13898640,15623981,3272758,18711702,4.542,3.378,4.322,6.255,2.436,8982521,4916119,1204580,3481314,230225,5053381,1013940,833138,186629,1895433,251.6,76.4,74.3,83.5,17.5,48,26.3,6.4,18.6,1.2,27,5.4,4.5,1,10.1,0.303,0.295,0.332,0.07,0.646,0.354,0.245,0.708,0.047,0.563,0.113,0.093,0.021,0.211
2016:Q1,46562068,14175182,13750528,15383414,3252944,18525933,5.439,3.028,8.575,5.744,1.455,8931709,4818819,1177116,3414374,227329,4976883,1014869,840878,185234,1913845,251.3,76.5,74.2,83,17.6,48.2,26,6.4,18.4,1.2,26.9,5.5,4.5,1,10.3,0.304,0.295,0.33,0.07,0.65,0.35,0.244,0.709,0.047,0.557,0.114,0.094,0.021,0.214
2015:Q4,45946889,14077627,13462482,15165626,3241154,18435137,5.671,2.21,5.58,10.411,-0.503,8737104,4725378,1144804,3347624,232950,4847750,985208,847083,179017,1878046,249.2,76.4,73,82.3,17.6,47.4,25.6,6.2,18.2,1.3,26.3,5.3,4.6,1,10.2,0.306,0.293,0.33,0.071,0.649,0.351,0.242,0.708,0.049,0.555,0.113,0.097,0.02,0.215
2015:Q3,45425375,14097775,13301456,14780909,3245235,18401626,3.161,2.311,5.763,2.055,1.332,8638420,4663036,1128160,3302690,232186,4799687,958057,807411,172778,1900487,246.9,76.6,72.3,80.3,17.6,46.9,25.3,6.1,17.9,1.3,26.1,5.2,4.4,0.9,10.3,0.31,0.293,0.325,0.071,0.649,0.351,0.242,0.708,0.05,0.556,0.111,0.093,0.02,0.22
2015:Q2,45079085,14026163,13113094,14705361,3234466,18279784,5.583,3.47,8.771,5.803,1.025,8514775,4598320,1112678,3257808,227834,4714511,944680,790285,154605,1910694,246.6,76.7,71.7,80.4,17.7,46.6,25.2,6.1,17.8,1.2,25.8,5.2,4.3,0.8,10.5,0.311,0.291,0.326,0.072,0.649,0.351,0.242,0.708,0.05,0.554,0.111,0.093,0.018,0.224
2015:Q1,44470642,13916972,12832397,14495074,3226199,18063529,3.501,2.169,7.552,1.496,2.364,8297256,4535141,1098133,3213338,223671,4553695,910547,760994,167311,1904709,246.2,77,71,80.2,17.9,45.9,25.1,6.1,17.8,1.2,25.2,5,4.2,0.9,10.5,0.313,0.289,0.326,0.073,0.647,0.353,0.242,0.709,0.049,0.549,0.11,0.092,0.02,0.23
2014:Q4,44123344,13866231,12608818,14441054,3207241,17912079,4.066,1.567,8.118,3.623,1.193,8130000,4478818,1081736,3169339,227743,4444341,886619,746443,182012,1870585,246.3,77.4,70.4,80.6,17.9,45.4,25,6,17.7,1.3,24.8,4.9,4.2,1,10.4,0.314,0.286,0.327,0.073,0.645,0.355,0.242,0.708,0.051,0.547,0.109,0.092,0.022,0.23
2014:Q3,43691653,13823836,12358676,14311437,3197704,17804228,2.924,-1.356,6.56,6.279,-6.927,7955326,4403350,1058817,3122573,221960,4347406,851341,729583,182924,1844072,245.4,77.6,69.4,80.4,18,44.7,24.7,5.9,17.5,1.2,24.4,4.8,4.1,1,10.4,0.316,0.283,0.328,0.073,0.644,0.356,0.24,0.709,0.05,0.546,0.107,0.092,0.023,0.232
2014:Q2,43386132,13882362,12159464,14090249,3254057,17518508,3.756,1.89,6.158,4.784,-1.534,7826470,4332994,1037985,3076249,218760,4298276,825162,728697,177492,1796843,247.7,79.2,69.4,80.4,18.6,44.7,24.7,5.9,17.6,1.2,24.5,4.7,4.2,1,10.3,0.32,0.28,0.325,0.075,0.644,0.356,0.24,0.71,0.05,0.549,0.105,0.093,0.023,0.23
2014:Q1,42995064,13828917,11975848,13923713,3266587,17197738,4.604,2.234,6.627,6.38,-0.153,7711509,4264339,1018575,3030158,215606,4223960,796643,729326,163148,1798432,250,80.4,69.6,81,19,44.8,24.8,5.9,17.6,1.3,24.6,4.6,4.2,0.9,10.5,0.322,0.279,0.324,0.076,0.644,0.356,0.239,0.711,0.051,0.548,0.103,0.095,0.021,0.233
2013:Q4,42520575,13766053,11781553,13705127,3267842,17192019,6.13,5.131,5.023,8.657,3.834,7584537,4197016,996503,2983979,216534,4159979,778769,742297,144511,1758981,247.3,80.1,68.5,79.7,19,44.1,24.4,5.8,17.4,1.3,24.2,4.5,4.3,0.8,10.2,0.324,0.277,0.322,0.077,0.644,0.356,0.237,0.711,0.052,0.548,0.103,0.098,0.019,0.232
2013:Q3,41906859,13607612,11647624,13414809,3236813,16953838,3.583,0.891,6.934,4.67,-1.4,7479943,4167681,990942,2964866,211873,4113703,747919,738349,153314,1726658,247.2,80.3,68.7,79.1,19.1,44.1,24.6,5.8,17.5,1.2,24.3,4.4,4.4,0.9,10.2,0.325,0.278,0.32,0.077,0.642,0.358,0.238,0.711,0.051,0.55,0.1,0.099,0.02,0.231
2013:Q2,41556799,13598309,11450311,13259998,3248180,16728687,2.857,1.134,5.851,3.2,-1.711,7308611,4141699,985465,2945760,210474,4003155,723230,724765,130314,1727147,248.4,81.3,68.4,79.3,19.4,43.7,24.8,5.9,17.6,1.3,23.9,4.3,4.3,0.8,10.3,0.327,0.276,0.319,0.078,0.638,0.362,0.238,0.711,0.051,0.548,0.099,0.099,0.018,0.236
2013:Q1,41287944,13584497,11286543,13154772,3262133,16648189,4.296,1.697,2.477,9.556,0.627,7171993,4114550,980554,2926600,207396,3947066,707128,705022,135344,1677433,248,81.6,67.8,79,19.6,43.1,24.7,5.9,17.6,1.2,23.7,4.2,4.2,0.8,10.1,0.329,0.273,0.319,0.079,0.635,0.365,0.238,0.711,0.05,0.55,0.099,0.098,0.019,0.234
2012:Q4,40876721,13553371,11218497,12847828,3257025,16420419,3.973,-0.129,8.353,6.453,-3.294,7125956,4092540,974774,2907482,210284,3901824,726567,719840,130329,1647396,248.9,82.5,68.3,78.2,19.8,43.4,24.9,5.9,17.7,1.3,23.8,4.4,4.4,0.8,10,0.332,0.274,0.314,0.08,0.635,0.365,0.238,0.71,0.051,0.548,0.102,0.101,0.018,0.231
2012:Q3,40531101,13588462,11014731,12643840,3284067,16319541,4.451,-0.014,6.587,8.338,1.254,6964708,4050023,959866,2883925,206233,3790335,694245,715253,112715,1652160,248.4,83.3,67.5,77.5,20.1,42.7,24.8,5.9,17.7,1.3,23.2,4.3,4.4,0.7,10.1,0.335,0.272,0.312,0.081,0.632,0.368,0.237,0.712,0.051,0.544,0.1,0.103,0.016,0.237
2012:Q2,40122486,13624911,10838120,12385648,3273806,16207115,5.34,0.23,4.343,12.765,2.685,6829854,4008266,945330,2860253,202683,3685015,679033,741043,121582,1603181,247.6,84.1,66.9,76.4,20.2,42.1,24.7,5.8,17.6,1.3,22.7,4.2,4.6,0.8,9.9,0.34,0.27,0.309,0.082,0.63,0.37,0.236,0.714,0.051,0.54,0.099,0.109,0.018,0.235
2012:Q1,39636931,13658872,10723471,12002609,3251979,16068805,4.786,0.841,3.589,11.497,1.182,6759674,3963796,929674,2836421,197701,3623316,649212,771699,114324,1601123,246.7,85,66.7,74.7,20.2,42.1,24.7,5.8,17.7,1.2,22.5,4,4.8,0.7,10,0.345,0.271,0.303,0.082,0.63,0.37,0.235,0.716,0.05,0.536,0.096,0.114,0.017,0.237
2011:Q4,39207324,13662120,10635561,11667250,3242393,15842259,3.932,0.24,3.809,9.252,1.201,6714331,3921230,910331,2812489,198410,3546400,641161,809007,116307,1601456,247.5,86.2,67.1,73.6,20.5,42.4,24.8,5.7,17.8,1.3,22.4,4,5.1,0.7,10.1,0.348,0.271,0.298,0.083,0.631,0.369,0.232,0.717,0.051,0.528,0.095,0.12,0.017,0.239
2011:Q3,38861698,13688594,10536932,11403486,3232686,15647680,4.944,-0.495,3.127,14.676,0.815,6603666,3933266,915153,2822127,195987,3508921,596810,808928,109177,1579830,248.4,87.5,67.3,72.9,20.7,42.2,25.1,5.8,18,1.3,22.4,3.8,5.2,0.7,10.1,0.352,0.271,0.293,0.083,0.627,0.373,0.233,0.718,0.05,0.531,0.09,0.122,0.017,0.239
2011:Q2,38423640,13740704,10456910,10999912,3226113,15557539,3.497,-0.335,3.453,10.258,-2.422,6504597,3952313,920147,2831641,200526,3466491,539118,829586,101761,1567641,247,88.3,67.2,70.7,20.7,41.8,25.4,5.9,18.2,1.3,22.3,3.5,5.3,0.7,10.1,0.358,0.272,0.286,0.084,0.622,0.378,0.233,0.716,0.051,0.533,0.083,0.128,0.016,0.241
2011:Q1,38133994,13791266,10372079,10724880,3245769,15351448,2.607,1.721,0.487,7.458,-2.573,6401324,3970755,926679,2841112,202964,3411213,516501,850067,89378,1534165,248.4,89.8,67.6,69.9,21.1,41.7,25.9,6,18.5,1.3,22.2,3.4,5.5,0.6,10,0.362,0.272,0.281,0.085,0.617,0.383,0.233,0.716,0.051,0.533,0.081,0.133,0.014,0.24
2010:Q4,37928095,13770476,10362272,10528562,3266785,15309474,4.208,0.472,0.714,12.176,6.253,6375555,3986717,927538,2852937,206242,3386231,496741,887382,82928,1522273,247.7,89.9,67.7,68.8,21.3,41.6,26,6.1,18.6,1.3,22.1,3.2,5.8,0.5,9.9,0.363,0.273,0.278,0.086,0.615,0.385,0.233,0.716,0.052,0.531,0.078,0.139,0.013,0.239
2010:Q3,37664771,13791523,10439199,10217547,3216501,15141607,4.512,-1.711,1.709,17.211,1.758,6440644,3998555,932630,2856998,208927,3340135,482802,890932,97592,1629183,248.8,91.1,68.9,67.5,21.2,42.5,26.4,6.2,18.9,1.4,22.1,3.2,5.9,0.6,10.8,0.366,0.277,0.271,0.085,0.617,0.383,0.233,0.715,0.052,0.519,0.075,0.138,0.015,0.253
2010:Q2,37289728,13892582,10398669,9796051,3202426,14980193,4.671,-0.306,-2.488,21.514,0.846,6396109,4002560,937683,2861026,203851,3271358,486645,917484,86651,1633971,248.9,92.7,69.4,65.4,21.4,42.7,26.7,6.3,19.1,1.4,21.8,3.2,6.1,0.6,10.9,0.373,0.279,0.263,0.086,0.615,0.385,0.234,0.715,0.051,0.511,0.076,0.143,0.014,0.255
2010:Q1,36908790,13950894,10466169,9296063,3195664,14764610,3.219,-2.073,-2.653,18.617,2.883,6456101,4010068,943299,2865072,201697,3245574,522078,954446,70973,1663030,250,94.5,70.9,63,21.6,43.7,27.2,6.4,19.4,1.4,22,3.5,6.5,0.5,11.3,0.378,0.284,0.252,0.087,0.617,0.383,0.235,0.714,0.05,0.503,0.081,0.148,0.011,0.258
2009:Q4,36546324,14002908,10493933,8882645,3166838,14651249,2.25,0.849,-4.084,11.32,5.161,6477690,4016242,944299,2869137,202806,3197966,565036,975471,58410,1680807,249.4,95.6,71.6,60.6,21.6,44.2,27.4,6.4,19.6,1.4,21.8,3.9,6.7,0.4,11.5,0.383,0.287,0.243,0.087,0.617,0.383,0.235,0.714,0.05,0.494,0.087,0.151,0.009,0.259
2009:Q3,36500383,14035615,10700086,8638184,3126498,14448882,2.76,0.419,-6.485,18.699,3.414,6650604,4049482,975074,2869720,204688,3168888,614558,1016611,64093,1786454,252.6,97.1,74.1,59.8,21.6,46,28,6.7,19.9,1.4,21.9,4.3,7,0.4,12.4,0.385,0.293,0.237,0.086,0.622,0.378,0.241,0.709,0.051,0.476,0.092,0.153,0.01,0.269
2009:Q2,36316216,14084100,10879678,8252398,3100039,14381236,4.903,0.734,-3.409,23.879,5.646,6796849,4082829,1005144,2870563,207122,3145860,684174,1052312,63586,1850917,252.5,97.9,75.7,57.4,21.6,47.3,28.4,7,20,1.4,21.9,4.8,7.3,0.4,12.9,0.388,0.3,0.227,0.085,0.625,0.375,0.246,0.703,0.051,0.463,0.101,0.155,0.009,0.272
2009:Q1,35929931,14109435,10976106,7787501,3056889,14430902,4.079,-0.227,-2.729,22.269,4.737,6863317,4112789,1036319,2871423,205047,3078896,746670,1065808,96782,1875161,249,97.8,76.1,54,21.2,47.6,28.5,7.2,19.9,1.4,21.3,5.2,7.4,0.7,13,0.393,0.305,0.217,0.085,0.625,0.375,0.252,0.698,0.05,0.449,0.109,0.155,0.014,0.273
2008:Q4,35605681,14163366,11044386,7376817,3021112,14608209,3.651,-7.313,1.395,32.569,-0.889,6919005,4125381,1046270,2870360,208751,2987893,803307,1069415,131477,1926913,243.7,97,75.6,50.5,20.7,47.4,28.2,7.2,19.6,1.4,20.5,5.5,7.3,0.9,13.2,0.398,0.31,0.207,0.085,0.626,0.374,0.254,0.696,0.051,0.432,0.116,0.155,0.019,0.278
2008:Q3,35328550,14471122,11008188,6821395,3027845,14898999,9.174,3.928,5.495,31.201,1.203,6956857,4051330,1016982,2823815,210533,2971219,821218,1105037,130922,1928461,237.1,97.1,73.9,45.8,20.3,46.7,27.2,6.8,19,1.4,19.9,5.5,7.4,0.9,12.9,0.41,0.312,0.193,0.086,0.632,0.368,0.251,0.697,0.052,0.427,0.118,0.159,0.019,0.277
2008:Q2,34574925,14362553,10865801,6327803,3018768,14865701,3.44,-0.496,7.79,5.43,2.746,6885648,3980153,987879,2777084,215190,2955556,795714,1136560,115214,1882604,232.6,96.6,73.1,42.6,20.3,46.3,26.8,6.6,18.7,1.4,19.9,5.4,7.6,0.8,12.7,0.415,0.314,0.183,0.087,0.634,0.366,0.248,0.698,0.054,0.429,0.116,0.165,0.017,0.273
2008:Q1,34312717,14411699,10659775,6243058,2998185,14706538,7.05,5.286,8.129,11.112,3.403,6766665,3893110,957804,2730244,205062,2882479,787821,1136702,134532,1825131,233.3,98,72.5,42.5,20.4,46,26.5,6.5,18.6,1.4,19.6,5.4,7.7,0.9,12.4,0.42,0.311,0.182,0.087,0.635,0.365,0.246,0.701,0.053,0.426,0.116,0.168,0.02,0.27
2007:Q4,33738966,14243317,10448440,6074315,2972894,14715058,6.986,5.579,10.79,5.34,3.915,6641589,3806851,926670,2683282,196899,2862044,738590,1121672,123814,1795469,229.3,96.8,71,41.3,20.2,45.1,25.9,6.3,18.2,1.3,19.4,5,7.6,0.8,12.2,0.422,0.31,0.18,0.088,0.636,0.364,0.243,0.705,0.052,0.431,0.111,0.169,0.019,0.27
2007:Q3,33172704,14059720,10174611,5994293,2944080,14564117,7.617,6.012,13.071,3.708,4.774,6484070,3690541,891652,2606540,192349,2835824,706687,1103379,119825,1718355,227.8,96.5,69.9,41.2,20.2,44.5,25.3,6.1,17.9,1.3,19.5,4.9,7.6,0.8,11.8,0.424,0.307,0.181,0.089,0.637,0.363,0.242,0.706,0.052,0.437,0.109,0.17,0.018,0.265
2007:Q2,32558987,13857320,9853071,5939236,2909360,14402082,8.758,9.24,13.132,0.928,8.104,6278260,3574811,857312,2529740,187759,2813657,655422,1069928,127487,1611766,226.1,96.2,68.4,41.2,20.2,43.6,24.8,6,17.6,1.3,19.5,4.6,7.4,0.9,11.2,0.426,0.303,0.182,0.089,0.637,0.363,0.24,0.708,0.053,0.448,0.104,0.17,0.02,0.257
2007:Q1,31867288,13550059,9540154,5925486,2851588,14215651,8.063,6.196,10.454,8.378,8.379,6080616,3459538,822971,2452952,183615,2763531,641994,1042798,117252,1515041,224.2,95.3,67.1,41.7,20.1,42.8,24.3,5.8,17.3,1.3,19.4,4.5,7.3,0.8,10.7,0.425,0.299,0.186,0.089,0.637,0.363,0.238,0.709,0.053,0.454,0.106,0.171,0.019,0.249
2006:Q4,31235453,13347414,9291035,5803923,2793081,14039560,7.608,8.12,10.871,2.101,6.002,5948632,3342403,785821,2376133,180449,2738715,630054,1043383,112517,1423963,222.5,95.1,66.2,41.3,19.9,42.4,23.8,5.6,16.9,1.3,19.5,4.5,7.4,0.8,10.1,0.427,0.297,0.186,0.089,0.64,0.36,0.235,0.711,0.054,0.46,0.106,0.175,0.019,0.239
2006:Q3,30663010,13092410,9045216,5773590,2751793,13870188,6.323,8.918,6.623,0.276,5.95,5806500,3238716,757362,2305284,176070,2713229,640190,1012906,84744,1355431,221.1,94.4,65.2,41.6,19.8,41.9,23.4,5.5,16.6,1.3,19.6,4.6,7.3,0.6,9.8,0.427,0.295,0.188,0.09,0.642,0.358,0.234,0.712,0.054,0.467,0.11,0.174,0.015,0.233
2006:Q2,30185826,12806876,8897882,5769608,2711461,13753424,9.556,12.032,9.86,5.537,5.591,5762397,3135485,728299,2234469,172717,2700360,644310,987370,90114,1340243,219.5,93.1,64.7,42,19.7,41.9,22.8,5.3,16.2,1.3,19.6,4.7,7.2,0.7,9.7,0.424,0.295,0.191,0.09,0.648,0.352,0.232,0.713,0.055,0.469,0.112,0.171,0.016,0.233
2006:Q1,29499783,12451038,8683826,5690834,2674084,13599160,9.438,11.692,10.356,7.596,0.213,5653660,3030166,700021,2163634,166511,2674639,637107,967976,84380,1289558,216.9,91.6,63.9,41.8,19.7,41.6,22.3,5.1,15.9,1.2,19.7,4.7,7.1,0.6,9.5,0.422,0.294,0.193,0.091,0.651,0.349,0.231,0.714,0.055,0.473,0.113,0.171,0.015,0.228
2005:Q4,28773799,12053692,8462668,5584775,2672664,13324204,8.466,10.101,9.161,6.012,4.128,5535584,2927084,670528,2092868,163688,2661892,610993,928518,90071,1244110,216,90.5,63.5,41.9,20.1,41.5,22,5,15.7,1.2,20,4.6,7,0.7,9.3,0.419,0.294,0.194,0.093,0.654,0.346,0.229,0.715,0.056,0.481,0.11,0.168,0.016,0.225
2005:Q3,28177444,11756823,8273187,5502074,2645360,13142642,7.844,11.082,6.181,4.05,6.754,5434577,2838609,630606,2048365,159638,2670011,616792,862329,93471,1191974,214.4,89.5,62.9,41.9,20.1,41.4,21.6,4.8,15.6,1.2,20.3,4.7,6.6,0.7,9.1,0.417,0.294,0.195,0.094,0.657,0.343,0.222,0.722,0.056,0.491,0.113,0.159,0.017,0.219
2005:Q2,27635531,11439868,8147301,5446929,2601434,12922656,9.33,11.529,7.917,7.995,6.969,5395388,2751912,590594,2003920,157399,2673688,651293,817842,96667,1155898,213.9,88.5,63,42.2,20.1,41.8,21.3,4.6,15.5,1.2,20.7,5,6.3,0.7,8.9,0.414,0.295,0.197,0.094,0.662,0.338,0.215,0.728,0.057,0.496,0.121,0.152,0.018,0.214
2005:Q1,27018330,11119368,7989168,5352908,2556886,12767286,8.148,8.773,7.519,7.772,8.189,5321955,2667213,551756,1959604,155853,2693485,636197,763886,105194,1123193,211.6,87.1,62.6,41.9,20,41.7,20.9,4.3,15.3,1.2,21.1,5,6,0.8,8.8,0.412,0.296,0.198,0.095,0.666,0.334,0.207,0.735,0.058,0.506,0.12,0.144,0.02,0.211
2004:Q4,26478965,10880721,7841772,5250883,2505589,12527214,9.273,13.161,7.271,5.985,5.824,5253240,2588532,512637,1915332,160563,2699119,632940,741932,97782,1081467,211.4,86.9,62.6,41.9,20,41.9,20.7,4.1,15.3,1.3,21.5,5.1,5.9,0.8,8.6,0.411,0.296,0.198,0.095,0.67,0.33,0.198,0.74,0.062,0.514,0.12,0.141,0.019,0.206
2004:Q3,25879000,10534126,7701769,5173474,2469631,12305307,8.002,9.252,6.714,7.254,8.295,5175890,2525879,506837,1857886,161156,2704891,613485,719166,88258,1050090,210.3,85.6,62.6,42,20.1,42.1,20.5,4.1,15.1,1.3,22,5,5.8,0.7,8.5,0.407,0.298,0.2,0.095,0.672,0.328,0.201,0.736,0.064,0.523,0.119,0.139,0.017,0.203
2004:Q2,25356888,10281470,7574633,5081329,2419456,12112815,9.6,11.787,3.908,13.788,9.72,5110624,2464009,501210,1800436,162363,2708818,598634,689524,90139,1023509,209.3,84.9,62.5,42,20,42.2,20.3,4.1,14.9,1.3,22.4,4.9,5.7,0.7,8.4,0.405,0.299,0.2,0.095,0.675,0.325,0.203,0.731,0.066,0.53,0.117,0.135,0.018,0.2
2004:Q1,24762591,9987178,7501338,4912015,2362060,11923447,7.706,9.324,6.559,5.279,10.489,5096909,2404429,495814,1743042,165572,2726318,595217,667314,85427,1022633,207.7,83.8,62.9,41.2,19.8,42.7,20.2,4.2,14.6,1.4,22.9,5,5.6,0.7,8.6,0.403,0.303,0.198,0.095,0.679,0.321,0.206,0.725,0.069,0.535,0.117,0.131,0.017,0.201
2003:Q4,23540114,9749490,7356660,4848035,1585929,11772234,6.314,10.214,0.061,8.03,6.787,5022088,2334572,479686,1694723,160163,2718068,627326,624028,82481,970185,200,82.8,62.5,41.2,13.5,42.7,19.8,4.1,14.4,1.4,23.1,5.3,5.3,0.7,8.2,0.414,0.313,0.206,0.067,0.683,0.317,0.205,0.726,0.069,0.541,0.125,0.124,0.016,0.193
2003:Q3,23142547,9489001,7341456,4752623,1559468,11566669,7.64,10.251,3.175,9.833,6.457,5027076,2314380,476621,1678706,159053,2713143,638808,620286,92622,962217,200.1,82,63.5,41.1,13.5,43.5,20,4.1,14.5,1.4,23.5,5.5,5.4,0.8,8.3,0.41,0.317,0.205,0.067,0.685,0.315,0.206,0.725,0.069,0.54,0.127,0.123,0.018,0.191
2003:Q2,22708836,9251907,7283642,4638593,1534694,11312766,10.516,15.981,0.897,14.799,11.936,4986364,2297278,474720,1662684,159875,2683189,650513,597348,96558,958756,200.7,81.8,64.4,41,13.6,44.1,20.3,4.2,14.7,1.4,23.7,5.8,5.3,0.9,8.5,0.407,0.321,0.204,0.068,0.685,0.315,0.207,0.724,0.07,0.538,0.13,0.12,0.019,0.192
2003:Q1,22120282,8893596,7263358,4473102,1490225,11174129,5.858,10.541,0.98,4.136,7.481,4982739,2280619,473060,1646668,160891,2637654,683842,582256,112158,966829,198,79.6,65,40,13.3,44.6,20.4,4.2,14.7,1.4,23.6,6.1,5.2,1,8.7,0.402,0.328,0.202,0.067,0.686,0.314,0.207,0.722,0.071,0.529,0.137,0.117,0.023,0.194
2002:Q4,21804958,8668354,7246410,4427328,1462866,11061433,7.383,11.026,2.635,6.393,12.857,4986640,2259770,469317,1630587,159866,2630641,708527,568882,119813,958777,197.1,78.4,65.5,40,13.2,45.1,20.4,4.2,14.7,1.4,23.8,6.4,5.1,1.1,8.7,0.398,0.332,0.203,0.067,0.688,0.312,0.208,0.722,0.071,0.528,0.142,0.114,0.024,0.192
2002:Q3,21409792,8435816,7198988,4357678,1417311,10984040,7.057,9.815,1.91,9.137,10.902,4978380,2220607,463681,1598868,158058,2621958,732908,538375,132126,953013,194.9,76.8,65.5,39.7,12.9,45.3,20.2,4.2,14.6,1.4,23.9,6.7,4.9,1.2,8.7,0.394,0.336,0.204,0.066,0.692,0.308,0.209,0.72,0.071,0.527,0.147,0.108,0.027,0.191
2002:Q2,21038632,8233788,7164778,4260359,1379707,10887460,6.3,7.419,2.106,9.999,10.37,4982733,2182045,458503,1567133,156409,2636598,754464,518654,144073,928944,193.2,75.6,65.8,39.1,12.7,45.8,20,4.2,14.4,1.4,24.2,6.9,4.8,1.3,8.5,0.391,0.341,0.203,0.066,0.695,0.305,0.21,0.718,0.072,0.529,0.151,0.104,0.029,0.186
2002:Q1,20712398,8083854,7127244,4156458,1344841,10783500,5.557,9.726,3.136,1.083,7.647,4984813,2142431,452630,1535377,154424,2605003,797008,503976,158284,920542,192.1,75,66.1,38.5,12.5,46.2,19.9,4.2,14.2,1.4,24.2,7.4,4.7,1.5,8.5,0.39,0.344,0.201,0.065,0.699,0.301,0.211,0.717,0.072,0.523,0.16,0.101,0.032,0.185
2001:Q4,20428609,7891964,7071796,4145237,1319612,10660465,4.754,5.022,3.504,4.721,10.049,4969379,2102417,445636,1505036,151745,2563926,811191,499680,177726,916856,191.6,74,66.3,38.9,12.4,46.6,19.7,4.2,14.1,1.4,24.1,7.6,4.7,1.7,8.6,0.386,0.346,0.203,0.065,0.703,0.297,0.212,0.716,0.072,0.516,0.163,0.101,0.036,0.185
2001:Q3,20188662,7794112,7010394,4096884,1287272,10598020,8.145,12.799,4.125,6.609,7.308,4951084,2059310,436184,1470520,152606,2521682,846675,469709,167068,945950,190.5,73.5,66.1,38.7,12.1,46.7,19.4,4.1,13.9,1.4,23.8,8,4.4,1.6,8.9,0.386,0.347,0.203,0.064,0.706,0.294,0.212,0.714,0.074,0.509,0.171,0.095,0.034,0.191
2001:Q2,19785770,7552458,6938838,4030298,1264176,10599000,4.818,9.881,7.419,-8.985,6.325,4917015,2021823,427882,1437351,156590,2487524,875288,444707,178174,931322,186.7,71.3,65.5,38,11.9,46.4,19.1,4,13.6,1.5,23.5,8.3,4.2,1.7,8.8,0.382,0.351,0.204,0.064,0.709,0.291,0.212,0.711,0.077,0.506,0.178,0.09,0.036,0.189
2001:Q1,19549708,7370392,6811908,4122910,1244498,10470231,5.169,6.739,3.705,3.216,10.55,4833084,1978824,416944,1407296,154584,2366527,900475,433169,211055,921858,186.7,70.4,65.1,39.4,11.9,46.2,18.9,4,13.4,1.5,22.6,8.6,4.1,2,8.8,0.377,0.348,0.211,0.064,0.71,0.29,0.211,0.711,0.078,0.49,0.186,0.09,0.044,0.191
2000:Q4,19317608,7248274,6766791,4090025,1212519,10435744,3.6,6.043,6.635,-5.199,2.619,4828149,1938642,402120,1381475,155047,2267814,918905,456898,278402,906130,185.1,69.5,64.8,39.2,11.6,46.3,18.6,3.9,13.2,1.5,21.7,8.8,4.4,2.7,8.7,0.375,0.35,0.212,0.063,0.714,0.286,0.207,0.713,0.08,0.47,0.19,0.095,0.058,0.188
2000:Q3,19145291,7140402,6656373,4143884,1204632,10318165,4.142,8.999,6.011,-6.72,3.847,4767906,1888467,390064,1345746,152657,2242337,915053,454807,279408,876301,185.5,69.2,64.5,40.2,11.7,46.2,18.3,3.8,13,1.5,21.7,8.9,4.4,2.7,8.5,0.373,0.348,0.216,0.063,0.716,0.284,0.207,0.713,0.081,0.47,0.192,0.095,0.059,0.184
2000:Q2,18939302,6973635,6557823,4214688,1193156,10247720,4.074,7.488,10.614,-9.274,-2.226,4707875,1849948,384773,1314866,150309,2203725,910928,449531,265376,878315,184.8,68.1,64,41.1,11.6,45.9,18.1,3.8,12.8,1.5,21.5,8.9,4.4,2.6,8.6,0.368,0.346,0.223,0.063,0.718,0.282,0.208,0.711,0.081,0.468,0.193,0.095,0.056,0.187
2000:Q1,18748346,6845481,6388304,4314728,1199834,10002179,6.71,11.164,10.827,-4.607,1.714,4598224,1790079,362954,1278529,148597,2172237,881315,439856,237764,867052,187.4,68.4,63.9,43.1,12,46,17.9,3.6,12.8,1.5,21.7,8.8,4.4,2.4,8.7,0.365,0.341,0.23,0.064,0.72,0.28,0.203,0.714,0.083,0.472,0.192,0.096,0.052,0.189
1999:Q4,18460590,6680932,6219943,4365000,1194715,9900169,6.239,9.163,8.074,0.741,0.924,4477210,1742733,351696,1246913,144124,2129067,867951,427015,230326,822851,186.5,67.5,62.8,44.1,12.1,45.2,17.6,3.6,12.6,1.5,21.5,8.8,4.3,2.3,8.3,0.362,0.337,0.236,0.065,0.72,0.28,0.202,0.715,0.083,0.476,0.194,0.095,0.051,0.184
1999:Q3,18177051,6531318,6096847,4356925,1191960,9686626,6.805,8.588,11.811,-2.005,4.845,4412803,1684045,334640,1208160,141244,2105105,860326,413358,219317,814697,187.7,67.4,62.9,45,12.3,45.6,17.4,3.5,12.5,1.5,21.7,8.9,4.3,2.3,8.4,0.359,0.335,0.24,0.066,0.724,0.276,0.199,0.717,0.084,0.477,0.195,0.094,0.05,0.185
1999:Q2,17840604,6394036,5890003,4378870,1177695,9526210,5.718,9.087,7.284,-0.12,1.831,4259533,1630470,320032,1171643,138795,2038055,843151,365496,206878,805953,187.3,67.1,61.8,46,12.4,44.7,17.1,3.4,12.3,1.5,21.4,8.9,3.8,2.2,8.5,0.358,0.33,0.245,0.066,0.723,0.277,0.196,0.719,0.085,0.478,0.198,0.086,0.049,0.189
1999:Q1,17589187,6252008,5784668,4380183,1172328,9411682,7.158,9.246,11.904,-1.356,5.433,4191035,1593633,315417,1141159,137057,1975575,835127,354740,207538,818055,186.9,66.4,61.5,46.5,12.5,44.5,16.9,3.4,12.1,1.5,21,8.9,3.8,2.2,8.7,0.355,0.329,0.249,0.067,0.725,0.275,0.198,0.716,0.086,0.471,0.199,0.085,0.05,0.195
1998:Q4,17278562,6110785,5616073,4395086,1156618,9293991,6.68,8.817,10.596,-0.946,6.153,4070607,1545466,302100,1108788,134578,1926589,828739,337295,192958,785026,185.9,65.7,60.4,47.3,12.4,43.8,16.6,3.3,11.9,1.4,20.7,8.9,3.6,2.1,8.4,0.354,0.325,0.254,0.067,0.725,0.275,0.195,0.717,0.087,0.473,0.204,0.083,0.047,0.193
1998:Q3,16994734,5978997,5471144,4405499,1139095,9121097,5.365,6.131,11.14,-2.687,5.778,3971834,1499310,296276,1071740,131293,1891588,813418,316823,203697,746308,186.3,65.6,60,48.3,12.5,43.5,16.4,3.2,11.8,1.4,20.7,8.9,3.5,2.2,8.2,0.352,0.322,0.259,0.067,0.726,0.274,0.198,0.715,0.088,0.476,0.205,0.08,0.051,0.188
1998:Q2,16769815,5888741,5322901,4435297,1122876,8969699,8.462,8.555,13.902,2.507,6.407,3868850,1454050,288912,1034790,130349,1866434,782272,307936,182305,729903,187,65.7,59.3,49.4,12.5,43.1,16.2,3.2,11.5,1.5,20.8,8.7,3.4,2,8.1,0.351,0.317,0.264,0.067,0.727,0.273,0.199,0.712,0.09,0.482,0.202,0.08,0.047,0.189
1998:Q1,16422386,5765428,5144116,4407668,1105174,8866480,7.027,7.713,12.662,0.107,5.657,3738257,1405859,279724,997910,128225,1783173,748115,308306,181365,717298,185.2,65,58,49.7,12.5,42.2,15.9,3.2,11.3,1.4,20.1,8.4,3.5,2,8.1,0.351,0.313,0.268,0.067,0.727,0.273,0.199,0.71,0.091,0.477,0.2,0.082,0.049,0.192
1997:Q4,16138924,5656358,4986314,4406492,1089761,8765907,4.993,5.734,8.96,-0.848,7.146,3623539,1362775,276569,961058,125148,1710490,733262,309286,168598,701903,184.1,64.5,56.9,50.3,12.4,41.3,15.5,3.2,11,1.4,19.5,8.4,3.5,1.9,8,0.35,0.309,0.273,0.068,0.727,0.273,0.203,0.705,0.092,0.472,0.202,0.085,0.047,0.194
1997:Q3,15940021,5576476,4877062,4415848,1070634,8662823,6.832,7.123,11.038,1.821,7.272,3544383,1332680,263179,943393,126108,1695676,718172,299490,165437,665608,184,64.4,56.3,51,12.4,40.9,15.4,3,10.9,1.5,19.6,8.3,3.5,1.9,7.7,0.35,0.306,0.277,0.067,0.727,0.273,0.197,0.708,0.095,0.478,0.203,0.084,0.047,0.188
1997:Q2,15673830,5478887,4747584,4395840,1051518,8518825,5.56,6.093,8.529,2.39,2.859,3441517,1306068,255502,930962,119604,1644758,708320,282275,163294,642870,184,64.3,55.7,51.6,12.3,40.4,15.3,3,10.9,1.4,19.3,8.3,3.3,1.9,7.5,0.35,0.303,0.28,0.067,0.725,0.275,0.196,0.713,0.092,0.478,0.206,0.082,0.047,0.187
1997:Q1,15458892,5396636,4648465,4369735,1044056,8362655,5.249,6.591,7.096,2.455,1.962,3366649,1281816,244636,916852,120328,1609258,692230,272422,158159,634580,184.9,64.5,55.6,52.3,12.5,40.3,15.3,2.9,11,1.4,19.2,8.3,3.3,1.9,7.6,0.349,0.301,0.283,0.068,0.724,0.276,0.191,0.715,0.094,0.478,0.206,0.081,0.047,0.188
1996:Q4,15259418,5316548,4560827,4343083,1038960,8259771,3.542,6.015,3.763,1.427,-1.062,3302602,1258225,229829,910112,118284,1581760,669521,259162,156405,635754,184.7,64.4,55.2,52.6,12.6,40,15.2,2.8,11,1.4,19.2,8.1,3.1,1.9,7.7,0.348,0.299,0.285,0.068,0.724,0.276,0.183,0.723,0.094,0.479,0.203,0.078,0.047,0.193
1996:Q3,15123909,5236814,4517725,4327644,1041725,8131408,4.703,5.47,5.938,4.466,-3.336,3277777,1239947,224468,899926,115553,1557981,663322,255807,162430,638237,186,64.4,55.6,53.2,12.8,40.3,15.2,2.8,11.1,1.4,19.2,8.2,3.1,2,7.8,0.346,0.299,0.286,0.069,0.726,0.274,0.181,0.726,0.093,0.475,0.202,0.078,0.05,0.195
1996:Q2,14948144,5166162,4451641,4279856,1050485,8032840,6.227,7.143,7.085,6.129,-1.353,3232368,1219273,211804,890104,117364,1541889,645684,251456,166058,627281,186.1,64.3,55.4,53.3,13.1,40.2,15.2,2.6,11.1,1.5,19.2,8,3.1,2.1,7.8,0.346,0.298,0.286,0.07,0.726,0.274,0.174,0.73,0.096,0.477,0.2,0.078,0.051,0.194
1996:Q1,14718999,5075522,4374164,4215263,1054050,7868468,6.279,8.811,5.602,6.096,-2.074,3172843,1201321,206694,877662,116965,1515638,635027,245610,163799,612769,187.1,64.5,55.6,53.6,13.4,40.3,15.3,2.6,11.2,1.5,19.3,8.1,3.1,2.1,7.8,0.345,0.297,0.286,0.072,0.725,0.275,0.172,0.731,0.097,0.478,0.2,0.077,0.052,0.193
1995:Q4,14491506,4953383,4326587,4151993,1059543,7772586,2.974,6.029,4.473,0.265,-6.371,3141423,1185164,200634,869926,114604,1493245,636165,240371,157351,614291,186.4,63.7,55.7,53.4,13.6,40.4,15.2,2.6,11.2,1.5,19.2,8.2,3.1,2,7.9,0.342,0.299,0.287,0.073,0.726,0.274,0.169,0.734,0.097,0.475,0.203,0.077,0.05,0.196
1995:Q3,14368434,4879837,4262664,4149240,1076692,7683125,4.495,7.832,4.588,3.046,-5.041,3089682,1172982,198880,861575,112526,1475183,624062,245622,152903,591912,187,63.5,55.5,54,14,40.2,15.3,2.6,11.2,1.5,19.2,8.1,3.2,2,7.7,0.34,0.297,0.289,0.075,0.725,0.275,0.17,0.735,0.096,0.477,0.202,0.079,0.049,0.192
1995:Q2,14208767,4786124,4214328,4117880,1090434,7580997,7.033,6.997,7.259,10.274,-5.428,3054812,1159516,196318,852642,110556,1465559,611783,241266,148168,588036,187.4,63.1,55.6,54.3,14.4,40.3,15.3,2.6,11.2,1.5,19.3,8.1,3.2,2,7.8,0.337,0.297,0.29,0.077,0.725,0.275,0.169,0.735,0.095,0.48,0.2,0.079,0.049,0.192
1995:Q1,13963256,4703850,4139211,4014758,1105436,7522289,4.803,6.357,6.952,3.714,-5.561,2988770,1150441,194004,845643,110795,1440558,590374,240078,139978,577782,185.6,62.5,55,53.4,14.7,39.7,15.3,2.6,11.2,1.5,19.2,7.8,3.2,1.9,7.7,0.337,0.296,0.288,0.079,0.722,0.278,0.169,0.735,0.096,0.482,0.198,0.08,0.047,0.193
1994:Q4,13798036,4630251,4068939,3977825,1121021,7455288,5.361,9.002,5.451,4.783,-7.395,2930133,1138806,189177,840947,108682,1428460,559786,236766,139238,565883,185.1,62.1,54.6,53.4,15,39.3,15.3,2.5,11.3,1.5,19.2,7.5,3.2,1.9,7.6,0.336,0.295,0.288,0.081,0.72,0.28,0.166,0.738,0.095,0.488,0.191,0.081,0.048,0.193
1994:Q3,13615544,4528346,4014239,3930822,1142137,7331075,5.254,6.45,5.571,5.283,-0.602,2879971,1134268,185501,842576,106191,1410226,542244,240598,129653,557250,185.7,61.8,54.8,53.6,15.6,39.3,15.5,2.5,11.5,1.4,19.2,7.4,3.3,1.8,7.6,0.333,0.295,0.289,0.084,0.717,0.283,0.164,0.743,0.094,0.49,0.188,0.084,0.045,0.193
1994:Q2,13439026,4456485,3959096,3879586,1143859,7246931,5.42,7.176,5.099,7.311,-6.316,2830783,1128313,181479,841635,105199,1396331,526809,234497,122893,550253,185.4,61.5,54.6,53.5,15.8,39.1,15.6,2.5,11.6,1.5,19.3,7.3,3.2,1.7,7.6,0.332,0.295,0.289,0.085,0.715,0.285,0.161,0.746,0.093,0.493,0.186,0.083,0.043,0.194
1994:Q1,13259356,4377943,3909258,3809946,1162209,7115652,4.577,6.726,5.965,2.707,-1.861,2784412,1124845,177924,841673,105249,1374071,513922,231076,121229,544114,186.3,61.5,54.9,53.5,16.3,39.1,15.8,2.5,11.8,1.5,19.3,7.2,3.2,1.7,7.6,0.33,0.295,0.287,0.088,0.712,0.288,0.158,0.748,0.094,0.493,0.185,0.083,0.044,0.195
1993:Q4,13103077,4305539,3845564,3784333,1167641,7013738,5.458,6.89,2.935,8.054,0.242,2722099,1123465,173860,845522,104083,1337881,509967,233605,117829,522817,186.8,61.4,54.8,54,16.6,38.8,16,2.5,12.1,1.5,19.1,7.3,3.3,1.7,7.5,0.329,0.293,0.289,0.089,0.708,0.292,0.155,0.753,0.093,0.491,0.187,0.086,0.043,0.192
1993:Q3,12912776,4230313,3805889,3709638,1166935,6882098,6.186,6.843,3.935,7.523,6.951,2681075,1124814,168636,850249,105929,1302923,507059,230478,115358,525257,187.6,61.5,55.3,53.9,17,39,16.3,2.5,12.4,1.5,18.9,7.4,3.3,1.7,7.6,0.328,0.295,0.287,0.09,0.704,0.296,0.15,0.756,0.094,0.486,0.189,0.086,0.043,0.196
1993:Q2,12716131,4159160,3768809,3641160,1147002,6808939,6.555,5.949,3.606,10.27,6.834,2638699,1130110,169412,855575,105122,1258846,508355,232015,112468,527015,186.8,61.1,55.4,53.5,16.8,38.8,16.6,2.5,12.6,1.5,18.5,7.5,3.4,1.7,7.7,0.327,0.296,0.286,0.09,0.7,0.3,0.15,0.757,0.093,0.477,0.193,0.088,0.043,0.2
1993:Q1,12511099,4098211,3735138,3550016,1127734,6729459,4.301,4.155,1.792,6.747,5.546,2601186,1133952,167094,861177,105680,1212362,509633,241253,105480,532458,185.9,60.9,55.5,52.8,16.8,38.7,16.9,2.5,12.8,1.6,18,7.6,3.6,1.6,7.9,0.328,0.299,0.284,0.09,0.696,0.304,0.147,0.759,0.093,0.466,0.196,0.093,0.041,0.205
1992:Q4,12377290,4056078,3717770,3491131,1112311,6680803,3.802,5.938,-0.701,7.873,-1.304,2574349,1143421,169474,867627,106320,1154504,517439,250657,107106,544643,185.3,60.7,55.6,52.3,16.6,38.5,17.1,2.5,13,1.6,17.3,7.7,3.8,1.6,8.2,0.328,0.3,0.282,0.09,0.692,0.308,0.148,0.759,0.093,0.448,0.201,0.097,0.042,0.212
1992:Q3,12260736,3996744,3724298,3423745,1115949,6566641,5.392,5.322,0.228,11.4,4.936,2575089,1149208,168388,875059,105761,1140928,526218,269033,100597,538313,186.7,60.9,56.7,52.1,17,39.2,17.5,2.6,13.3,1.6,17.4,8,4.1,1.5,8.2,0.326,0.304,0.279,0.091,0.691,0.309,0.147,0.761,0.092,0.443,0.204,0.104,0.039,0.209
1992:Q2,12097652,3944262,3722173,3328872,1102346,6470763,4.186,3.813,-0.795,11.221,1.684,2564493,1157679,167980,883955,105745,1125491,529099,278126,101215,530562,187,61,57.5,51.4,17,39.6,17.9,2.6,13.7,1.6,17.4,8.2,4.3,1.6,8.2,0.326,0.308,0.275,0.091,0.689,0.311,0.145,0.764,0.091,0.439,0.206,0.108,0.039,0.207
1992:Q1,11972356,3907015,3729583,3238034,1097724,6363102,4.792,5.373,0.024,11.523,-0.365,2564386,1165196,167593,891303,106300,1106050,540334,284778,102477,530747,188.2,61.4,58.6,50.9,17.3,40.3,18.3,2.6,14,1.7,17.4,8.5,4.5,1.6,8.3,0.326,0.312,0.27,0.092,0.688,0.312,0.144,0.765,0.091,0.431,0.211,0.111,0.04,0.207
1991:Q4,11827508,3855230,3726189,3147363,1098726,6264540,5.214,6.612,-3.434,11.054,13.993,2556446,1169743,166737,897631,105375,1086935,546966,290263,98477,533805,188.8,61.5,59.5,50.2,17.5,40.8,18.7,2.7,14.3,1.7,17.4,8.7,4.6,1.6,8.5,0.326,0.315,0.266,0.093,0.686,0.314,0.143,0.767,0.09,0.425,0.214,0.114,0.039,0.209
1991:Q3,11671760,3788996,3758452,3062723,1061589,6205937,4.358,3.285,-3.28,13.686,9.52,2581301,1177151,166295,904710,106146,1071876,560108,297679,99420,552218,188.1,61.1,60.6,49.4,17.1,41.6,19,2.7,14.6,1.7,17.3,9,4.8,1.6,8.9,0.325,0.322,0.262,0.091,0.687,0.313,0.141,0.769,0.09,0.415,0.217,0.115,0.039,0.214
1991:Q2,11545968,3758136,3789523,2961398,1036910,6126862,5.009,6.058,-0.001,10.003,5.66,2595735,1193788,166816,920884,106088,1051467,569410,304548,108000,562310,188.4,61.3,61.9,48.3,16.9,42.4,19.5,2.7,15,1.7,17.2,9.3,5,1.8,9.2,0.325,0.328,0.256,0.09,0.685,0.315,0.14,0.771,0.089,0.405,0.219,0.117,0.042,0.217
1991:Q1,11403184,3702063,3789533,2889145,1022443,6035178,3.906,6.126,-1.615,8.248,4.563,2595754,1193779,167539,920592,105648,1027331,584175,304676,110555,569017,188.9,61.3,62.8,47.9,16.9,43,19.8,2.8,15.3,1.8,17,9.7,5,1.8,9.4,0.325,0.332,0.253,0.09,0.685,0.315,0.14,0.771,0.088,0.396,0.225,0.117,0.043,0.219
1990:Q4,11299759,3646226,3811851,2830770,1010912,6004733,5.647,5.841,1.799,11.161,4.37,2613894,1197957,166680,924888,106389,1008167,598122,298276,116852,592477,188.2,60.7,63.5,47.1,16.8,43.5,20,2.8,15.4,1.8,16.8,10,5,1.9,9.9,0.323,0.337,0.251,0.089,0.686,0.314,0.139,0.772,0.089,0.386,0.229,0.114,0.045,0.227
1990:Q3,11142448,3593752,3794778,2753929,999988,6015116,5.659,5.861,2.776,10.769,2.09,2593249,1201530,165631,929284,106615,991867,601355,297225,123191,579611,185.2,59.7,63.1,45.8,16.6,43.1,20,2.8,15.4,1.8,16.5,10,4.9,2,9.6,0.323,0.341,0.247,0.09,0.683,0.317,0.138,0.773,0.089,0.382,0.232,0.115,0.048,0.224
1990:Q2,10986999,3541855,3768622,2681731,994790,5960028,6.277,7.125,3.885,9.634,3.428,2566832,1201791,165121,930412,106258,984418,605348,292803,116594,567669,184.3,59.4,63.2,45,16.7,43.1,20.2,2.8,15.6,1.8,16.5,10.2,4.9,2,9.5,0.322,0.343,0.244,0.091,0.681,0.319,0.137,0.774,0.088,0.384,0.236,0.114,0.045,0.221
1990:Q1,10818541,3479871,3733670,2618661,986339,5872701,7.758,7.642,5.899,10.686,7.519,2529951,1203719,164488,931544,107688,967962,603108,289787,117583,551511,184.2,59.3,63.6,44.6,16.8,43.1,20.5,2.8,15.9,1.8,16.5,10.3,4.9,2,9.4,0.322,0.345,0.242,0.091,0.678,0.322,0.137,0.774,0.089,0.383,0.238,0.115,0.046,0.218
1989:Q4,10584600,3386020,3679918,2550522,968140,5747237,7.721,10.839,4.706,8.079,7.391,2482035,1197883,162723,929594,105566,961079,608345,273343,107112,532156,184.2,58.9,64,44.4,16.8,43.2,20.8,2.8,16.2,1.8,16.7,10.6,4.8,1.9,9.3,0.32,0.348,0.241,0.091,0.674,0.326,0.136,0.776,0.088,0.387,0.245,0.11,0.043,0.214
1989:Q3,10384159,3314100,3619455,2500028,950577,5695365,6.64,8.893,4.506,7.45,4.874,2432747,1186708,159566,922950,104192,939038,590552,281681,105927,515549,182.3,58.2,63.6,43.9,16.7,42.7,20.8,2.8,16.2,1.8,16.5,10.4,4.9,1.9,9.1,0.319,0.349,0.241,0.092,0.672,0.328,0.134,0.778,0.088,0.386,0.243,0.116,0.044,0.212
1989:Q2,10214602,3242022,3579131,2454316,939132,5612463,7.653,9.455,8.215,6.156,3.296,2403860,1175272,156336,913665,105271,923201,584475,280036,100163,515985,182,57.8,63.8,43.7,16.7,42.8,20.9,2.8,16.3,1.9,16.4,10.4,5,1.8,9.2,0.317,0.35,0.24,0.092,0.672,0.328,0.133,0.777,0.09,0.384,0.243,0.116,0.042,0.215
1989:Q1,10022839,3167159,3507107,2417116,931457,5511253,6.96,7.05,7.144,8.018,3.256,2344385,1162722,153119,905411,104192,901803,573478,278101,89602,501401,181.9,57.5,63.6,43.9,16.9,42.5,21.1,2.8,16.4,1.9,16.4,10.4,5,1.6,9.1,0.316,0.35,0.241,0.093,0.668,0.332,0.132,0.779,0.09,0.385,0.245,0.119,0.038,0.214
1988:Q4,9834661,3102094,3439017,2369615,923935,5399509,8.415,8.41,9.463,7.684,6.437,2289762,1149255,149960,898139,101156,887232,568300,265393,85676,483161,182.1,57.5,63.7,43.9,17.1,42.4,21.3,2.8,16.6,1.9,16.4,10.5,4.9,1.6,8.9,0.315,0.35,0.241,0.094,0.666,0.334,0.13,0.781,0.088,0.387,0.248,0.116,0.037,0.211
1988:Q3,9624686,3038213,3352218,2324952,909303,5282835,8.961,9.823,9.751,8.313,4.863,2218830,1133388,147501,879182,106704,865654,551896,254939,74551,471790,182.2,57.5,63.5,44,17.2,42,21.5,2.8,16.6,2,16.4,10.4,4.8,1.4,8.9,0.316,0.348,0.242,0.094,0.662,0.338,0.13,0.776,0.094,0.39,0.249,0.115,0.034,0.213
1988:Q2,9429958,2967780,3286180,2277616,898382,5190036,9.046,10.089,9.807,8.233,4.933,2177149,1109030,145620,859790,103620,840675,547099,258446,70254,460675,181.7,57.2,63.3,43.9,17.3,41.9,21.4,2.8,16.6,2,16.2,10.5,5,1.4,8.9,0.315,0.348,0.242,0.095,0.663,0.337,0.131,0.775,0.093,0.386,0.251,0.119,0.032,0.212
1988:Q1,9221425,2894766,3207540,2231681,887438,5073372,8.915,9.275,9.795,9.161,4.005,2121675,1085865,143680,840084,102101,809612,532778,257090,68369,453826,181.8,57.1,63.2,44,17.5,41.8,21.4,2.8,16.6,2,16,10.5,5.1,1.3,8.9,0.314,0.348,0.242,0.096,0.661,0.339,0.132,0.774,0.094,0.382,0.251,0.121,0.032,0.214
1987:Q4,9015488,2818757,3136377,2181714,878640,5007994,8.593,7.334,9.156,9.256,9.012,2071514,1064863,140669,822733,101461,784115,525461,252533,73768,435637,180,56.3,62.6,43.6,17.5,41.4,21.3,2.8,16.4,2,15.7,10.5,5,1.5,8.7,0.313,0.348,0.242,0.097,0.66,0.34,0.132,0.773,0.095,0.379,0.254,0.122,0.036,0.21
1987:Q3,8825086,2774485,3058948,2132373,859280,4884555,8.72,10.525,8.937,5.883,9.227,2014688,1044260,138548,811442,94269,768763,520430,241035,65072,419388,180.7,56.8,62.6,43.7,17.6,41.2,21.4,2.8,16.6,1.9,15.7,10.7,4.9,1.3,8.6,0.314,0.347,0.242,0.097,0.659,0.341,0.133,0.777,0.09,0.382,0.258,0.12,0.032,0.208
1987:Q2,8640234,2706761,2992100,2101468,839905,4806160,9.963,12.642,7.44,11.202,7.35,1961382,1030717,135824,801139,93754,748212,511331,230876,63064,407899,179.8,56.3,62.3,43.7,17.5,40.8,21.4,2.8,16.7,2,15.6,10.6,4.8,1.3,8.5,0.313,0.346,0.243,0.097,0.656,0.344,0.132,0.777,0.091,0.381,0.261,0.118,0.032,0.208
1987:Q1,8434168,2626546,2938650,2044222,824750,4722156,7.564,7.259,5.605,7.307,16.322,1919802,1018848,133571,791904,93372,730491,510680,219869,61834,396928,178.6,55.6,62.2,43.3,17.5,40.7,21.6,2.8,16.8,2,15.5,10.8,4.7,1.3,8.4,0.311,0.348,0.242,0.098,0.653,0.347,0.131,0.777,0.092,0.381,0.266,0.115,0.032,0.207
1986:Q4,8267365,2592227,2875176,2007547,792415,4657627,11.992,12.45,11.782,11.874,11.561,1874981,1000195,131977,775197,93021,705350,520589,188149,62865,398028,177.5,55.7,61.7,43.1,17,40.3,21.5,2.8,16.6,2,15.1,11.2,4,1.3,8.5,0.314,0.348,0.243,0.096,0.652,0.348,0.132,0.775,0.093,0.376,0.278,0.1,0.034,0.212
1986:Q3,8026716,2514104,2792785,1949671,770156,4607669,11.871,12.86,11.261,13.575,6.635,1804994,987791,131302,762792,93697,681794,480697,184574,71136,386793,174.2,54.6,60.6,42.3,16.7,39.2,21.4,2.8,16.6,2,14.8,10.4,4,1.5,8.4,0.313,0.348,0.243,0.096,0.646,0.354,0.133,0.772,0.095,0.378,0.266,0.102,0.039,0.214
1986:Q2,7795856,2436276,2716315,1885675,757590,4545340,12.479,8.964,11.292,16.409,18.553,1744363,971952,131351,745873,94728,653462,474121,179104,64902,372774,171.5,53.6,59.8,41.5,16.7,38.4,21.4,2.9,16.4,2.1,14.4,10.4,3.9,1.4,8.2,0.313,0.348,0.242,0.097,0.642,0.358,0.135,0.767,0.097,0.375,0.272,0.103,0.037,0.214
1986:Q1,7561907,2383822,2642710,1811367,724008,4507894,9.345,9.373,10.019,11.203,2.288,1689872,952838,132222,726218,94398,614192,465767,175071,68753,366089,167.7,52.9,58.6,40.2,16.1,37.5,21.1,2.9,16.1,2.1,13.6,10.3,3.9,1.5,8.1,0.315,0.349,0.24,0.096,0.639,0.361,0.139,0.762,0.099,0.363,0.276,0.104,0.041,0.217
1985:Q4,7389767,2329728,2578134,1762014,719891,4444094,19.483,19.276,11.057,17.491,59.304,1645088,933046,131382,707816,93848,578234,454562,171889,72207,368196,166.3,52.4,58,39.6,16.2,37,21,3,15.9,2.1,13,10.2,3.9,1.6,8.3,0.315,0.349,0.238,0.097,0.638,0.362,0.141,0.759,0.101,0.351,0.276,0.104,0.044,0.224
1985:Q3,7044316,2223574,2506237,1688195,626310,4386773,12.84,15.085,8.863,14.733,15.913,1578046,928191,131533,699795,96862,554766,444034,166167,67905,345174,160.6,50.7,57.1,38.5,14.3,36,21.2,3,16,2.2,12.6,10.1,3.8,1.5,7.9,0.316,0.356,0.24,0.089,0.63,0.37,0.142,0.754,0.104,0.352,0.281,0.105,0.043,0.219
1985:Q2,6822802,2142766,2449465,1628224,602347,4294887,13.503,12.933,11.112,15.552,19.905,1534690,914774,131578,687188,96008,535693,431606,169093,65706,332592,158.9,49.9,57,37.9,14,35.7,21.3,3.1,16,2.2,12.5,10,3.9,1.5,7.7,0.314,0.359,0.239,0.088,0.627,0.373,0.144,0.751,0.105,0.349,0.281,0.11,0.043,0.217
1985:Q1,6602898,2078562,2383258,1567286,573793,4230168,15.083,15.409,11.35,18.932,19.248,1494791,888467,130853,661596,96018,513558,427321,166459,62353,325100,156.1,49.1,56.3,37.1,13.6,35.3,21,3.1,15.6,2.3,12.1,10.1,3.9,1.5,7.7,0.315,0.361,0.237,0.087,0.627,0.373,0.147,0.745,0.108,0.344,0.286,0.111,0.042,0.217
1984:Q4,6347281,1977628,2325746,1496457,547450,4148551,13.456,12.987,15.346,12.551,9.668,1463098,862648,129331,637510,95807,495058,412301,175742,58490,321507,153,47.7,56.1,36.1,13.2,35.3,20.8,3.1,15.4,2.3,11.9,9.9,4.2,1.4,7.7,0.312,0.366,0.236,0.086,0.629,0.371,0.15,0.739,0.111,0.338,0.282,0.12,0.04,0.22
1984:Q3,6140715,1915438,2239815,1450932,534530,4084250,13.764,9.672,14.258,17.641,16.092,1404956,834859,125102,613738,96019,477439,401661,174426,55733,295697,150.4,46.9,54.8,35.5,13.1,34.4,20.4,3.1,15,2.4,11.7,9.8,4.3,1.4,7.2,0.312,0.365,0.236,0.087,0.627,0.373,0.15,0.735,0.115,0.34,0.286,0.124,0.04,0.21
1984:Q2,5936444,1870217,2162725,1389644,513858,4009601,14.482,12.801,16.998,13.551,12.631,1356792,805933,120590,590806,94537,463644,394858,169951,48130,280209,148.1,46.6,53.9,34.7,12.8,33.8,20.1,3,14.7,2.4,11.6,9.8,4.2,1.2,7,0.315,0.364,0.234,0.087,0.627,0.373,0.15,0.733,0.117,0.342,0.291,0.125,0.035,0.207
1984:Q1,5730374,1813139,2074998,1344109,498128,3908054,16.63,12.864,14.357,19.777,32.113,1298722,776276,116412,565599,94264,455202,372101,163135,40668,267616,146.6,46.4,53.1,34.4,12.7,33.2,19.9,3,14.5,2.4,11.6,9.5,4.2,1,6.8,0.316,0.362,0.235,0.087,0.626,0.374,0.15,0.729,0.121,0.35,0.287,0.126,0.031,0.206
1983:Q4,5500650,1759572,1999189,1280780,461109,3794706,10.635,13.811,10.348,7.033,9.947,1250208,748981,111560,545258,92163,446980,353041,160370,36775,253042,145,46.4,52.7,33.8,12.2,32.9,19.7,2.9,14.4,2.4,11.8,9.3,4.2,1,6.7,0.32,0.363,0.233,0.084,0.625,0.375,0.149,0.728,0.123,0.358,0.282,0.128,0.029,0.202
1983:Q3,5358194,1700844,1948776,1258653,449921,3689179,12.212,11.733,10.367,17.03,8.754,1220561,728215,109398,527434,91383,442938,341446,155131,34459,246587,145.2,46.1,52.8,34.1,12.2,33.1,19.7,3,14.3,2.5,12,9.3,4.2,0.9,6.7,0.317,0.364,0.235,0.084,0.626,0.374,0.15,0.724,0.125,0.363,0.28,0.127,0.028,0.202
1983:Q2,5199459,1652377,1899544,1207253,440285,3578848,12.651,11.03,8.245,21.281,14.813,1188301,711243,109152,511736,90355,438317,331264,150168,33441,235111,145.3,46.2,53.1,33.7,12.3,33.2,19.9,3,14.3,2.5,12.2,9.3,4.2,0.9,6.6,0.318,0.365,0.232,0.085,0.626,0.374,0.153,0.719,0.127,0.369,0.279,0.126,0.028,0.198
1983:Q1,5040049,1608036,1861182,1146269,424562,3473413,10.917,7.547,6.108,24.139,10.429,1164624,696558,109504,497535,89519,427194,329102,145496,38688,224144,145.1,46.3,53.6,33,12.2,33.5,20.1,3.2,14.3,2.6,12.3,9.5,4.2,1.1,6.5,0.319,0.369,0.227,0.084,0.626,0.374,0.157,0.714,0.129,0.367,0.283,0.125,0.033,0.192
1982:Q4,4903404,1597887,1810714,1081029,413774,3402561,9.839,8.393,3.938,22.227,10.229,1133060,677654,109439,479636,88579,420997,324269,129260,37614,220920,144.1,47,53.2,31.8,12.2,33.3,19.9,3.2,14.1,2.6,12.4,9.5,3.8,1.1,6.5,0.326,0.369,0.22,0.084,0.626,0.374,0.161,0.708,0.131,0.372,0.286,0.114,0.033,0.195
1982:Q3,4787845,1567289,1792976,1024123,403457,3366322,11.051,4.084,10.615,23.604,9.843,1127930,665046,110824,465341,88880,411321,321371,131519,42634,221085,142.2,46.6,53.3,30.4,12,33.5,19.8,3.3,13.8,2.6,12.2,9.5,3.9,1.3,6.6,0.327,0.374,0.214,0.084,0.629,0.371,0.167,0.7,0.134,0.365,0.285,0.117,0.038,0.196
1982:Q2,4674532,1564464,1749244,967057,393767,3331972,8.897,5.038,10.832,10.714,11.395,1101141,648103,112947,447392,87764,403341,302885,138341,45469,211105,140.3,47,52.5,29,11.8,33,19.5,3.4,13.4,2.6,12.1,9.1,4.2,1.4,6.3,0.335,0.374,0.207,0.084,0.629,0.371,0.174,0.69,0.135,0.366,0.275,0.126,0.041,0.192
1982:Q1,4572815,1545004,1703122,941829,382860,3274302,9.446,4.579,10.366,15.058,11.618,1070947,632175,115148,430697,86330,398241,280248,141865,45954,204639,139.7,47.2,52,28.8,11.7,32.7,19.3,3.5,13.2,2.6,12.2,8.6,4.3,1.4,6.2,0.338,0.372,0.206,0.084,0.629,0.371,0.182,0.681,0.137,0.372,0.262,0.132,0.043,0.191
1981:Q4,4467729,1526550,1661467,907658,372054,3280818,9.857,6.118,11.271,14.084,8.781,1041690,619777,115997,418465,85315,390331,264405,143301,42722,200931,136.2,46.5,50.6,27.7,11.3,31.8,18.9,3.5,12.8,2.6,11.9,8.1,4.4,1.3,6.1,0.342,0.372,0.203,0.083,0.627,0.373,0.187,0.675,0.138,0.375,0.254,0.138,0.041,0.193
1981:Q3,4360408,1498878,1620679,876789,364062,3260609,9.353,6.511,13.091,7.474,9.196,1017419,603260,113625,405446,84189,383712,258267,148391,37514,189535,133.7,46,49.7,26.9,11.2,31.2,18.5,3.5,12.4,2.6,11.8,7.9,4.6,1.2,5.8,0.344,0.372,0.201,0.083,0.628,0.372,0.188,0.672,0.14,0.377,0.254,0.146,0.037,0.186
1981:Q2,4260780,1474872,1569321,860707,355880,3162532,10.863,9.022,15.129,8.709,5.225,979539,589782,110378,397220,82184,379240,246059,142992,31960,179288,134.7,46.6,49.6,27.2,11.3,31,18.6,3.5,12.6,2.6,12,7.8,4.5,1,5.7,0.346,0.368,0.202,0.084,0.624,0.376,0.187,0.674,0.139,0.387,0.251,0.146,0.033,0.183
1981:Q1,4148097,1442338,1512102,842366,351291,3124206,9.339,6.239,9.602,14.864,7.963,938293,573809,106925,388119,78765,371608,231746,137022,28157,169760,132.8,46.2,48.4,27,11.2,30,18.4,3.4,12.4,2.5,11.9,7.4,4.4,0.9,5.4,0.348,0.365,0.203,0.085,0.621,0.379,0.186,0.676,0.137,0.396,0.247,0.146,0.03,0.181
1980:Q4,4054534,1420187,1477729,812184,344434,2985557,11.008,11.275,12.032,10.529,6.697,922667,555062,104594,376266,74202,365570,232227,136245,28026,160599,135.8,47.6,49.5,27.2,11.5,30.9,18.6,3.5,12.6,2.5,12.2,7.8,4.6,0.9,5.4,0.35,0.364,0.2,0.085,0.624,0.376,0.188,0.678,0.134,0.396,0.252,0.148,0.03,0.174
1980:Q3,3945930,1381252,1434561,791355,338762,2856483,8.919,8.645,7.699,12.508,6.921,895758,538803,102329,365346,71128,362374,216315,135818,25635,155616,138.1,48.4,50.2,27.7,11.9,31.4,18.9,3.6,12.8,2.5,12.7,7.6,4.8,0.9,5.4,0.35,0.364,0.201,0.086,0.624,0.376,0.19,0.678,0.132,0.405,0.241,0.152,0.029,0.174
1980:Q2,3859836,1352030,1407447,767360,333000,2797352,7.231,4.011,6.373,15.065,6.34,883840,523607,101827,352576,69204,355030,207038,138697,30447,152628,138,48.3,50.3,27.4,11.9,31.6,18.7,3.6,12.6,2.5,12.7,7.4,5,1.1,5.5,0.35,0.365,0.199,0.086,0.628,0.372,0.194,0.673,0.132,0.402,0.234,0.157,0.034,0.173
1980:Q1,3792721,1338608,1386800,739509,327804,2789842,9.918,9.91,11.947,7.494,6.937,876745,510055,102596,339372,68086,343860,213812,143831,27315,147927,135.9,48,49.7,26.5,11.7,31.4,18.3,3.7,12.2,2.4,12.3,7.7,5.2,1,5.3,0.353,0.366,0.195,0.086,0.632,0.368,0.201,0.665,0.133,0.392,0.244,0.164,0.031,0.169
1979:Q4,3692020,1296896,1346999,725909,322216,2723883,10.288,12.854,10.793,6.243,7.155,854982,492017,101694,326101,64222,337915,205212,145952,24518,141385,135.5,47.6,49.5,26.6,11.8,31.4,18.1,3.7,12,2.4,12.4,7.5,5.4,0.9,5.2,0.351,0.365,0.197,0.087,0.635,0.365,0.207,0.663,0.131,0.395,0.24,0.171,0.029,0.165
1979:Q3,3599118,1255569,1312240,714755,316554,2667565,13.131,14.595,13.329,12.129,8.834,837024,475216,98100,316502,60614,334133,199152,148332,20944,134463,134.9,47.1,49.2,26.8,11.9,31.4,17.8,3.7,11.9,2.3,12.5,7.5,5.6,0.8,5,0.349,0.365,0.199,0.088,0.638,0.362,0.206,0.666,0.128,0.399,0.238,0.177,0.025,0.161
1979:Q2,3484724,1211368,1269922,693719,309714,2591247,12.001,14.091,14.71,5.049,8.691,815005,454917,93987,302432,58498,330267,190434,147606,18063,128635,134.5,46.7,49,26.8,12,31.5,17.6,3.6,11.7,2.3,12.7,7.3,5.7,0.7,5,0.348,0.364,0.199,0.089,0.642,0.358,0.207,0.665,0.129,0.405,0.234,0.181,0.022,0.158
1979:Q1,3383292,1170217,1224876,685071,303128,2526610,10.853,14.814,12.497,1.731,10.185,793376,431500,89875,287333,54292,324975,183350,147215,16201,121635,133.9,46.3,48.5,27.1,12,31.4,17.1,3.6,11.4,2.1,12.9,7.3,5.8,0.6,4.8,0.346,0.362,0.202,0.09,0.648,0.352,0.208,0.666,0.126,0.41,0.231,0.186,0.02,0.153
1978:Q4,3293544,1128011,1187814,682118,295601,2476949,12.203,14.988,12.52,5.587,15.903,769609,418205,85961,280351,51893,320607,174642,143770,15499,115091,133,45.5,48,27.5,11.9,31.1,16.9,3.5,11.3,2.1,12.9,7.1,5.8,0.6,4.6,0.342,0.361,0.207,0.09,0.648,0.352,0.206,0.67,0.124,0.417,0.227,0.187,0.02,0.15
1978:Q3,3197670,1088856,1151793,672723,284298,2395053,13.456,16.003,11.059,13.384,13.702,749185,402608,81907,271396,49305,315522,170049,141942,12914,108758,133.5,45.5,48.1,28.1,11.9,31.3,16.8,3.4,11.3,2.1,13.2,7.1,5.9,0.5,4.5,0.341,0.36,0.21,0.089,0.65,0.35,0.203,0.674,0.122,0.421,0.227,0.189,0.017,0.145
1978:Q2,3093600,1046970,1120805,650943,274882,2331633,13.734,17.618,12.97,8.688,14.292,734520,386285,77458,262486,46341,310353,169901,138659,12575,103032,132.7,44.9,48.1,27.9,11.8,31.5,16.6,3.3,11.3,2,13.3,7.3,5.9,0.5,4.4,0.338,0.362,0.21,0.089,0.655,0.345,0.201,0.68,0.12,0.423,0.231,0.189,0.017,0.14
1978:Q1,2990911,1002802,1085605,637105,265399,2202760,13.24,15.293,13.39,9.316,14.419,714469,371136,73416,254235,43484,303936,166206,134140,12634,97553,135.8,45.5,49.3,28.9,12,32.4,16.8,3.3,11.5,2,13.8,7.5,6.1,0.6,4.4,0.335,0.363,0.213,0.089,0.658,0.342,0.198,0.685,0.117,0.425,0.233,0.188,0.018,0.137
1977:Q4,2899617,966499,1054347,622606,256165,2164270,12.717,15.197,13.523,9.859,7.172,694536,359811,70439,247987,41385,299491,155505,131052,12808,95680,134,44.7,48.7,28.8,11.8,32.1,16.6,3.3,11.5,1.9,13.8,7.2,6.1,0.6,4.4,0.333,0.364,0.215,0.088,0.659,0.341,0.196,0.689,0.115,0.431,0.224,0.189,0.018,0.138
1977:Q3,2810271,931219,1019771,607628,251653,2118473,13.624,14.833,10.903,18.672,8.287,670301,349470,68359,241151,39960,291816,152439,125154,11771,89121,132.7,44,48.1,28.7,11.9,31.6,16.5,3.2,11.4,1.9,13.8,7.2,5.9,0.6,4.2,0.331,0.363,0.216,0.09,0.657,0.343,0.196,0.69,0.114,0.435,0.227,0.187,0.018,0.133
1977:Q2,2717707,897922,992711,580529,246545,2055909,11.242,15.316,11.116,5.678,10.342,653209,339502,66364,234407,38731,285712,149811,120920,11631,85135,132.2,43.7,48.3,28.2,12,31.8,16.5,3.2,11.4,1.9,13.9,7.3,5.9,0.6,4.1,0.33,0.365,0.214,0.091,0.658,0.342,0.195,0.69,0.114,0.437,0.229,0.185,0.018,0.13
1977:Q1,2643297,864809,965753,572404,240331,1988648,11.263,13.789,11.45,9.071,6.803,637664,328089,64106,226212,37771,282016,146885,118088,11232,79443,132.9,43.5,48.6,28.8,12.1,32.1,16.5,3.2,11.4,1.9,14.2,7.4,5.9,0.6,4,0.327,0.365,0.217,0.091,0.66,0.34,0.195,0.689,0.115,0.442,0.23,0.185,0.018,0.125
1976:Q4,2571117,836251,937324,559712,237830,1934273,10.174,13.839,8.879,9.368,4.505,620242,317082,62117,220013,34952,276614,141923,116902,11049,73754,132.9,43.2,48.5,28.9,12.3,32.1,16.4,3.2,11.4,1.8,14.3,7.3,6,0.6,3.8,0.325,0.365,0.218,0.093,0.662,0.338,0.196,0.694,0.11,0.446,0.229,0.188,0.018,0.119
1976:Q3,2507334,808286,916964,546903,235181,1886558,10.081,10.193,8.513,14.142,6.511,607147,309817,60416,215553,33848,270908,142312,114602,9899,69426,132.9,42.8,48.6,29,12.5,32.2,16.4,3.2,11.4,1.8,14.4,7.5,6.1,0.5,3.7,0.322,0.366,0.218,0.094,0.662,0.338,0.195,0.696,0.109,0.446,0.234,0.189,0.016,0.114
1976:Q2,2445670,788201,897828,528227,231414,1852332,11.159,10.715,7.789,17.598,11.386,595318,302510,59230,211126,32154,265211,141508,111816,10994,65789,132,42.6,48.5,28.5,12.5,32.1,16.3,3.2,11.4,1.7,14.3,7.6,6,0.6,3.6,0.322,0.367,0.216,0.095,0.663,0.337,0.196,0.698,0.106,0.445,0.238,0.188,0.018,0.111
1976:Q1,2379292,767638,880679,505967,225009,1820487,10.557,10.392,7.437,16.497,10.303,584730,295949,57957,206832,31160,260254,141696,109340,10286,63154,130.7,42.2,48.4,27.8,12.4,32.1,16.3,3.2,11.4,1.7,14.3,7.8,6,0.6,3.5,0.323,0.37,0.213,0.095,0.664,0.336,0.196,0.699,0.105,0.445,0.242,0.187,0.018,0.108
1975:Q4,2320336,747467,867584,485926,219359,1761831,10.194,12.934,3.552,18.369,9.864,579983,287601,56659,200956,29986,253783,146873,109465,9616,60246,131.7,42.4,49.2,27.6,12.5,32.9,16.3,3.2,11.4,1.7,14.4,8.3,6.2,0.5,3.4,0.322,0.374,0.209,0.095,0.669,0.331,0.197,0.699,0.104,0.438,0.253,0.189,0.017,0.104
1975:Q3,2262670,724097,859902,464591,214080,1709820,9.006,9.034,3.959,21.761,2.692,576400,283502,55599,199138,28764,247958,149792,108200,11112,59338,132.3,42.3,50.3,27.2,12.5,33.7,16.6,3.3,11.6,1.7,14.5,8.8,6.3,0.6,3.5,0.32,0.38,0.205,0.095,0.67,0.33,0.196,0.702,0.101,0.43,0.26,0.188,0.019,0.103
1975:Q2,2213098,708386,851443,440620,212649,1651853,9.052,6.186,3.873,27.003,4.135,572345,279098,54780,196561,27757,244281,152925,106575,11157,57407,134,42.9,51.5,26.7,12.9,34.6,16.9,3.3,11.9,1.7,14.8,9.3,6.5,0.7,3.5,0.32,0.385,0.199,0.096,0.672,0.328,0.196,0.704,0.099,0.427,0.267,0.186,0.019,0.1
1975:Q1,2166769,700256,843284,412756,210473,1616116,7.011,5.017,4.898,16.326,4.342,570316,272968,54321,192097,26550,236009,158952,105487,13539,56329,134.1,43.3,52.2,25.5,13,35.3,16.9,3.4,11.9,1.6,14.6,9.8,6.5,0.8,3.5,0.323,0.389,0.19,0.097,0.676,0.324,0.199,0.704,0.097,0.414,0.279,0.185,0.024,0.099
1974:Q4,2128604,691463,832471,396457,208213,1599679,7.568,7.534,9.096,6.379,3.903,565221,267250,53190,188132,25928,226579,164975,105327,12513,55827,133.1,43.2,52,24.8,13,35.3,16.7,3.3,11.8,1.6,14.2,10.3,6.6,0.8,3.5,0.325,0.391,0.186,0.098,0.679,0.321,0.199,0.704,0.097,0.401,0.292,0.186,0.022,0.099
1974:Q3,2089371,678860,814076,390234,206201,1560026,9.116,8.821,12.013,4.77,7.045,553784,260292,51876,183402,25014,220192,162898,106172,12070,52452,133.9,43.5,52.2,25,13.2,35.5,16.7,3.3,11.8,1.6,14.1,10.4,6.8,0.8,3.4,0.325,0.39,0.187,0.099,0.68,0.32,0.199,0.705,0.096,0.398,0.294,0.192,0.022,0.095
1974:Q2,2043125,664213,790645,385635,202632,1530056,10.356,9.33,15.376,3.881,6.928,540484,250161,50303,175975,23883,216000,156353,108937,9721,49473,133.5,43.4,51.7,25.2,13.2,35.3,16.3,3.3,11.5,1.6,14.1,10.2,7.1,0.6,3.2,0.325,0.387,0.189,0.099,0.684,0.316,0.201,0.703,0.095,0.4,0.289,0.202,0.018,0.092
1974:Q1,1991562,649073,761378,381929,199182,1491209,8.581,7.793,13.536,0.105,9.042,522214,239164,48051,167824,23289,210614,147091,108337,8930,47242,133.6,43.5,51.1,25.6,13.4,35,16,3.2,11.3,1.6,14.1,9.9,7.3,0.6,3.2,0.326,0.382,0.192,0.1,0.686,0.314,0.201,0.702,0.097,0.403,0.282,0.207,0.017,0.09
1973:Q4,1949734,636669,736457,381829,194779,1476289,8.654,10.252,10.168,2.907,9.174,506316,230141,44887,162906,22348,206909,140013,106296,8382,44716,132.1,43.1,49.9,25.9,13.2,34.3,15.6,3,11,1.5,14,9.5,7.2,0.6,3,0.327,0.378,0.196,0.1,0.688,0.312,0.195,0.708,0.097,0.409,0.277,0.21,0.017,0.088
1973:Q3,1908444,620758,718200,379074,190412,1433838,9.529,10.722,14.647,-0.626,7.327,489094,229106,40710,166518,21878,204906,139685,95284,5971,43248,133.1,43.3,50.1,26.4,13.3,34.1,16,2.8,11.6,1.5,14.3,9.7,6.6,0.4,3,0.325,0.376,0.199,0.1,0.681,0.319,0.178,0.727,0.095,0.419,0.286,0.195,0.012,0.088
1973:Q2,1864038,604553,692830,379668,186987,1413887,9.992,9.508,16.318,1.567,5.979,468869,223961,35636,166920,21405,202249,136577,84365,5981,39697,131.8,42.8,49,26.9,13.2,33.2,15.8,2.5,11.8,1.5,14.3,9.7,6,0.4,2.8,0.324,0.372,0.204,0.1,0.677,0.323,0.159,0.745,0.096,0.431,0.291,0.18,0.013,0.085
1973:Q1,1818610,590516,665674,378186,184233,1377490,12.228,12.715,16.774,5.833,7.798,452646,213028,30766,161240,21022,199202,132900,77665,5716,37163,132,42.9,48.3,27.5,13.4,32.9,15.5,2.2,11.7,1.5,14.5,9.6,5.6,0.4,2.7,0.325,0.366,0.208,0.101,0.68,0.32,0.144,0.757,0.099,0.44,0.294,0.172,0.013,0.082
1972:Q4,1764103,571260,639383,372750,180710,1328904,12.081,13.407,13.84,9.383,7.367,436833,202550,27222,156321,19007,197750,121936,75331,6968,34848,132.7,43,48.1,28,13.6,32.9,15.2,2,11.8,1.4,14.9,9.2,5.7,0.5,2.6,0.324,0.362,0.211,0.102,0.683,0.317,0.134,0.772,0.094,0.453,0.279,0.172,0.016,0.08
1972:Q3,1712122,553144,617329,364207,177442,1290566,9.263,9.662,11.06,6.715,7.073,424653,192676,25902,148144,18629,195187,116893,72363,7469,32741,132.7,42.9,47.8,28.2,13.7,32.9,14.9,2,11.5,1.4,15.1,9.1,5.6,0.6,2.5,0.323,0.361,0.213,0.104,0.688,0.312,0.134,0.769,0.097,0.46,0.275,0.17,0.018,0.077
1972:Q2,1673365,540098,600714,358194,174359,1266369,9.416,11.566,12.491,2.16,7.455,415268,185446,25983,141094,18369,192150,112646,70373,8220,31879,132.1,42.6,47.4,28.3,13.8,32.8,14.6,2.1,11.1,1.5,15.2,8.9,5.6,0.6,2.5,0.323,0.359,0.214,0.104,0.691,0.309,0.14,0.761,0.099,0.463,0.271,0.169,0.02,0.077
1972:Q1,1634978,524670,582869,356270,171169,1230609,8.948,10.458,11.624,1.72,10.608,406924,175945,24960,132687,18298,188338,111029,68748,7509,31300,132.9,42.6,47.4,29,13.9,33.1,14.3,2,10.8,1.5,15.3,9,5.6,0.6,2.5,0.321,0.356,0.218,0.105,0.698,0.302,0.142,0.754,0.104,0.463,0.273,0.169,0.018,0.077
1971:Q4,1599204,511303,566409,354745,166747,1190297,9.79,12.401,8.24,8.377,10.136,395247,171162,24461,128891,17810,185563,107678,65623,6247,30136,134.4,43,47.6,29.8,14,33.2,14.4,2.1,10.8,1.5,15.6,9,5.5,0.5,2.5,0.32,0.354,0.222,0.104,0.698,0.302,0.143,0.753,0.104,0.469,0.272,0.166,0.016,0.076
1971:Q3,1560849,496017,554738,347468,162626,1177675,9.693,8.893,10.491,9.674,9.457,389653,165085,23517,124028,17540,181204,107851,63581,6384,30633,132.5,42.1,47.1,29.5,13.8,33.1,14,2,10.5,1.5,15.4,9.2,5.4,0.5,2.6,0.318,0.355,0.223,0.104,0.702,0.298,0.142,0.751,0.106,0.465,0.277,0.163,0.016,0.079
1971:Q2,1523922,485228,540560,339263,158870,1156271,10.587,8.043,11.58,12.574,10.809,380947,159613,23502,118554,17556,177621,104436,62645,6246,29999,131.8,42,46.8,29.3,13.7,32.9,13.8,2,10.3,1.5,15.4,9,5.4,0.5,2.6,0.318,0.355,0.223,0.104,0.705,0.295,0.147,0.743,0.11,0.466,0.274,0.164,0.016,0.079
1971:Q1,1484628,475664,525351,328923,154690,1135156,7.372,7.284,9.421,2.319,11.637,372802,152549,22865,112435,17249,172222,102850,61494,7677,28559,130.8,41.9,46.3,29,13.6,32.8,13.4,2,9.9,1.5,15.2,9.1,5.4,0.7,2.5,0.32,0.354,0.222,0.104,0.71,0.29,0.15,0.737,0.113,0.462,0.276,0.165,0.021,0.077
1970:Q4,1458429,467157,513928,327027,150317,1088608,7.387,6.799,8.639,4.25,11.881,365371,148557,22287,109636,16634,166756,102658,60314,7133,28510,134,42.9,47.2,30,13.8,33.6,13.6,2,10.1,1.5,15.3,9.4,5.5,0.7,2.6,0.32,0.352,0.224,0.103,0.711,0.289,0.15,0.738,0.112,0.456,0.281,0.165,0.02,0.078
1970:Q3,1431689,459349,502770,323589,145981,1086059,7.474,4.8,9.76,8.116,6.706,358709,144061,22142,105704,16215,161157,101368,59025,6374,30785,131.8,42.3,46.3,29.8,13.4,33,13.3,2,9.7,1.5,14.8,9.3,5.4,0.6,2.8,0.321,0.351,0.226,0.102,0.713,0.287,0.154,0.734,0.113,0.449,0.283,0.165,0.018,0.086
1970:Q2,1404938,453902,490307,317154,143574,1067375,6.851,2.346,12.748,3.376,9.159,351045,139262,22178,101119,15965,155797,98174,57755,6258,33061,131.6,42.5,45.9,29.7,13.5,32.9,13,2.1,9.5,1.5,14.6,9.2,5.4,0.6,3.1,0.323,0.349,0.226,0.102,0.716,0.284,0.159,0.726,0.115,0.444,0.28,0.165,0.018,0.094
1970:Q1,1381280,451256,475164,314500,140360,1051200,4.811,1.725,9.051,2.453,6.084,340260,134905,21859,97384,15661,150069,96295,56897,6341,30658,131.4,42.9,45.2,29.9,13.4,32.4,12.8,2.1,9.3,1.5,14.3,9.2,5.4,0.6,2.9,0.327,0.344,0.228,0.102,0.716,0.284,0.162,0.722,0.116,0.441,0.283,0.167,0.019,0.09
1969:Q4,1366289,453267,462182,312583,138257,1038147,7.391,8.223,9.681,3.355,6.28,320276,141906,21874,104907,15125,147000,96543,43727,5356,27650,131.6,43.7,44.5,30.1,13.3,30.9,13.7,2.1,10.1,1.5,14.2,9.3,4.2,0.5,2.7,0.332,0.338,0.229,0.101,0.693,0.307,0.154,0.739,0.107,0.459,0.301,0.137,0.017,0.086
1969:Q3,1341131,443618,451410,309983,136120,1029956,7.043,4.885,11.442,3.394,8.064,313227,138183,21394,102116,14672,144467,94203,42955,5334,26268,130.2,43.1,43.8,30.1,13.2,30.4,13.4,2.1,9.9,1.4,14,9.1,4.2,0.5,2.6,0.331,0.337,0.231,0.101,0.694,0.306,0.155,0.739,0.106,0.461,0.301,0.137,0.017,0.084
1969:Q2,1317927,438266,438856,307375,133430,1009020,5.635,8.092,13.462,-10.106,10.128,304811,134045,20658,99044,14343,141743,92861,43148,4692,22367,130.6,43.4,43.5,30.5,13.2,30.2,13.3,2,9.8,1.4,14,9.2,4.3,0.5,2.2,0.333,0.333,0.233,0.101,0.695,0.305,0.154,0.739,0.107,0.465,0.305,0.142,0.015,0.073
1969:Q1,1299620,429576,424567,315342,130135,993337,6.608,4.535,10.818,1.43,12.718,295197,129370,19857,95516,13997,138462,89642,43573,4517,19003,130.8,43.2,42.7,31.7,13.1,29.7,13,2,9.6,1.4,13.9,9,4.4,0.5,1.9,0.331,0.327,0.243,0.1,0.695,0.305,0.153,0.738,0.108,0.469,0.304,0.148,0.015,0.064
1968:Q4,1280418,426687,413387,314219,126125,968030,8.659,11.157,11.793,0.742,10.189,286805,126582,19120,93888,13574,135025,86632,42604,4249,18295,132.3,44.1,42.7,32.5,13,29.6,13.1,2,9.7,1.4,13.9,8.9,4.4,0.4,1.9,0.333,0.323,0.245,0.099,0.694,0.306,0.151,0.742,0.107,0.471,0.302,0.149,0.015,0.064
1968:Q3,1253286,415109,401548,313637,122992,950825,8.175,7.078,10.6,7.248,6.39,278278,123270,18490,91518,13262,131563,82772,41564,4510,17869,131.8,43.7,42.2,33,12.9,29.3,13,1.9,9.6,1.4,13.8,8.7,4.4,0.5,1.9,0.331,0.32,0.25,0.098,0.693,0.307,0.15,0.742,0.108,0.473,0.297,0.149,0.016,0.064
1968:Q2,1228186,407891,391182,308055,121058,934344,7.966,10.053,11.541,1.388,6.521,270520,120662,18398,89129,13135,128262,80322,40959,3208,17769,131.4,43.7,41.9,33,13,29,12.9,2,9.5,1.4,13.7,8.6,4.4,0.3,1.9,0.332,0.319,0.251,0.099,0.692,0.308,0.152,0.739,0.109,0.474,0.297,0.151,0.012,0.066
1968:Q1,1204740,397669,380965,306990,119116,909387,4.645,-4.617,10.893,8.827,5.943,263718,117247,17773,86430,13044,124734,77781,40702,3159,17342,132.5,43.7,41.9,33.8,13.1,29,12.9,2,9.5,1.4,13.7,8.6,4.5,0.3,1.9,0.33,0.316,0.255,0.099,0.692,0.308,0.152,0.737,0.111,0.473,0.295,0.154,0.012,0.066
1967:Q4,1190912,402313,370865,300362,117372,881439,12.666,20.933,7.452,11.055,5.83,255253,115612,17657,85176,12779,122132,76269,37243,3034,16575,135.1,45.6,42.1,34.1,13.3,29,13.1,2,9.7,1.4,13.9,8.7,4.2,0.3,1.9,0.338,0.311,0.252,0.099,0.688,0.312,0.153,0.737,0.111,0.478,0.299,0.146,0.012,0.065
1967:Q3,1154358,382306,364082,292284,115686,865233,7.947,6.148,9.222,8.952,7.388,251645,112437,16992,83140,12305,118745,74595,38945,2906,16454,133.4,44.2,42.1,33.8,13.4,29.1,13,2,9.6,1.4,13.7,8.6,4.5,0.3,1.9,0.331,0.315,0.253,0.1,0.691,0.309,0.151,0.739,0.109,0.472,0.296,0.155,0.012,0.065
1967:Q2,1131870,376520,355877,285886,113588,848983,4.513,5.103,10.745,-4.865,7.52,246049,109828,16892,80769,12167,114236,73714,38650,3091,16358,133.3,44.3,41.9,33.7,13.4,29,12.9,2,9.5,1.4,13.5,8.7,4.6,0.4,1.9,0.333,0.314,0.253,0.1,0.691,0.309,0.154,0.735,0.111,0.464,0.3,0.157,0.013,0.066
1967:Q1,1119242,371777,346567,289406,111492,844170,6.025,3.815,9.871,4.621,5.256,239692,106875,16394,78441,12040,110617,71735,38281,2425,16634,132.6,44,41.1,34.3,13.2,28.4,12.7,1.9,9.3,1.4,13.1,8.5,4.5,0.3,2,0.332,0.31,0.259,0.1,0.692,0.308,0.153,0.734,0.113,0.461,0.299,0.16,0.01,0.069
1966:Q4,1102733,368389,338206,286101,110037,833302,6.15,5.481,7.739,5.386,5.521,232927,105279,16296,77361,11622,107474,69715,37695,1622,16421,132.3,44.2,40.6,34.3,13.2,28,12.6,2,9.3,1.4,12.9,8.4,4.5,0.2,2,0.334,0.307,0.259,0.1,0.689,0.311,0.155,0.735,0.11,0.461,0.299,0.162,0.007,0.07
1966:Q3,1086123,363409,331875,282300,108539,819638,4.879,4.149,9.883,-0.239,5.7,228551,103324,15456,76413,11454,105223,69646,36787,1178,15717,132.5,44.3,40.5,34.4,13.2,27.9,12.6,1.9,9.3,1.4,12.8,8.5,4.5,0.1,1.9,0.335,0.306,0.26,0.1,0.689,0.311,0.15,0.74,0.111,0.46,0.305,0.161,0.005,0.069
1966:Q2,1073034,359678,323873,282469,107014,804981,7.424,8.167,13.429,-0.416,8.127,222360,101513,15288,74938,11287,102790,66966,35823,771,16010,133.3,44.7,40.2,35.1,13.3,27.6,12.6,1.9,9.3,1.4,12.8,8.3,4.5,0.1,2,0.335,0.302,0.263,0.1,0.687,0.313,0.151,0.738,0.111,0.462,0.301,0.161,0.003,0.072
1966:Q1,1053481,352482,313353,282763,104883,795734,7.371,7.266,12.577,2.149,6.626,214567,98786,14587,72943,11256,100223,63528,34692,643,15481,132.4,44.3,39.4,35.5,13.2,27,12.4,1.8,9.2,1.4,12.6,8,4.4,0.1,1.9,0.335,0.297,0.268,0.1,0.685,0.315,0.148,0.738,0.114,0.467,0.296,0.162,0.003,0.072
1965:Q4,1034076,345859,303791,281252,103174,771857,8.3,9.435,10.2,5.457,6.745,208197,95594,14046,70853,10695,97260,61141,34105,797,14894,134,44.8,39.4,36.4,13.4,27,12.4,1.8,9.2,1.4,12.6,7.9,4.4,0.1,1.9,0.334,0.294,0.272,0.1,0.685,0.315,0.147,0.741,0.112,0.467,0.294,0.164,0.004,0.072
1965:Q3,1013004,337889,296185,277467,101463,749323,5.659,8.16,10.155,-2.729,7.838,202871,93314,13599,69263,10451,96634,58284,33143,706,14104,135.2,45.1,39.5,37,13.5,27.1,12.5,1.8,9.2,1.4,12.9,7.8,4.4,0.1,1.9,0.334,0.292,0.274,0.1,0.685,0.315,0.146,0.742,0.112,0.476,0.287,0.163,0.003,0.07
1965:Q2,998872,331134,288852,279373,99513,730191,6.942,8.956,10.612,0.264,8.783,197976,90876,13271,67288,10317,94941,55882,32612,700,13841,136.8,45.3,39.6,38.3,13.6,27.1,12.4,1.8,9.2,1.4,13,7.7,4.5,0.1,1.9,0.332,0.289,0.28,0.1,0.685,0.315,0.146,0.74,0.114,0.48,0.282,0.165,0.004,0.07
1965:Q1,981834,323883,281387,279189,97375,717790,6.87,8.522,10.49,1.265,7.325,193189,88198,12903,65087,10207,93342,53724,32185,746,13192,136.8,45.1,39.2,38.9,13.6,26.9,12.3,1.8,9.1,1.4,13,7.5,4.5,0.1,1.8,0.33,0.287,0.284,0.099,0.687,0.313,0.146,0.738,0.116,0.483,0.278,0.167,0.004,0.068
1964:Q4,965255,317126,274196,278309,95624,697319,7.704,10.085,9.833,3.227,6.954,187929,86267,12477,63886,9904,92408,50264,31447,1125,12685,138.4,45.5,39.3,39.9,13.7,27,12.4,1.8,9.2,1.4,13.3,7.2,4.5,0.2,1.8,0.329,0.284,0.288,0.099,0.685,0.315,0.145,0.741,0.115,0.492,0.267,0.167,0.006,0.067
1964:Q3,947190,309327,267791,276082,93990,692031,7.034,8.855,8.787,3.163,7.576,183449,84342,12309,62330,9703,91058,48697,30174,914,12606,136.9,44.7,38.7,39.9,13.6,26.5,12.2,1.8,9,1.4,13.2,7,4.4,0.1,1.8,0.327,0.283,0.291,0.099,0.685,0.315,0.146,0.739,0.115,0.496,0.265,0.164,0.005,0.069
1964:Q2,930822,302628,262035,273916,92243,678674,7.245,10.123,9.037,2.31,7.636,179981,82054,12073,60460,9521,90362,47208,29351,917,12143,137.2,44.6,38.6,40.4,13.6,26.5,12.1,1.8,8.9,1.4,13.3,7,4.3,0.1,1.8,0.325,0.282,0.294,0.099,0.687,0.313,0.147,0.737,0.116,0.502,0.262,0.163,0.005,0.067
1964:Q1,914262,295158,256246,272343,90515,669822,6.055,9.647,6.464,1.97,5.701,176590,79656,11860,58396,9400,89091,46209,28831,882,11577,136.5,44.1,38.3,40.7,13.5,26.4,11.9,1.8,8.7,1.4,13.3,6.9,4.3,0.1,1.7,0.323,0.28,0.298,0.099,0.689,0.311,0.149,0.733,0.118,0.505,0.262,0.163,0.005,0.066
1963:Q4,900618,288207,252160,271008,89243,653938,7.846,11.203,10.541,2.492,6.014,174187,77973,11731,57179,9063,88414,45623,28240,968,10942,137.7,44.1,38.6,41.4,13.6,26.6,11.9,1.8,8.7,1.4,13.5,7,4.3,0.1,1.7,0.32,0.28,0.301,0.099,0.691,0.309,0.15,0.733,0.116,0.508,0.262,0.162,0.006,0.063
1963:Q3,883320,280355,245714,269330,87921,644444,5.423,10.71,7.199,-1.412,5.138,170151,75563,11114,55671,8778,87225,44297,27166,976,10487,137.1,43.5,38.1,41.8,13.6,26.4,11.7,1.7,8.6,1.4,13.5,6.9,4.2,0.2,1.6,0.317,0.278,0.305,0.1,0.692,0.308,0.147,0.737,0.116,0.513,0.26,0.16,0.006,0.062
1963:Q2,871504,273044,241370,270284,86806,629752,7.584,11.322,7.954,3.353,8.22,167943,73427,10910,53879,8638,86695,43403,26531,1030,10284,138.4,43.4,38.3,42.9,13.8,26.7,11.7,1.7,8.6,1.4,13.8,6.9,4.2,0.2,1.6,0.313,0.277,0.31,0.1,0.696,0.304,0.149,0.734,0.118,0.516,0.258,0.158,0.006,0.061
1963:Q1,855287,265529,236663,268037,85058,621672,6.15,8.902,6.683,2.996,6.15,165593,71070,10602,51836,8632,85579,42848,25954,1158,10054,137.6,42.7,38.1,43.1,13.7,26.6,11.4,1.7,8.3,1.4,13.8,6.9,4.2,0.2,1.6,0.31,0.277,0.313,0.099,0.7,0.3,0.149,0.729,0.121,0.517,0.259,0.157,0.007,0.061
1962:Q4,842334,259748,232772,266044,83770,612280,8.347,10.218,9.476,5.733,7.804,163471,69301,10573,50491,8237,84643,42226,25567,1198,9837,137.6,42.4,38,43.5,13.7,26.7,11.3,1.7,8.2,1.3,13.8,6.9,4.2,0.2,1.6,0.308,0.276,0.316,0.099,0.702,0.298,0.153,0.729,0.119,0.518,0.258,0.156,0.007,0.06
1962:Q3,825118,253278,227388,262285,82167,609027,5.499,9.722,7.73,-0.524,5.989,160115,67273,10084,49059,8130,83558,41282,24493,1240,9542,135.5,41.6,37.3,43.1,13.5,26.3,11,1.7,8.1,1.3,13.7,6.8,4,0.2,1.6,0.307,0.276,0.318,0.1,0.704,0.296,0.15,0.729,0.121,0.522,0.258,0.153,0.008,0.06
1962:Q2,813930,247268,223077,262629,80955,600366,6.854,8.744,9.425,2.904,7.008,157694,65383,9847,47513,8023,82981,40189,23997,1124,9403,135.6,41.2,37.2,43.7,13.5,26.3,10.9,1.6,7.9,1.3,13.8,6.7,4,0.2,1.6,0.304,0.274,0.323,0.099,0.707,0.293,0.151,0.727,0.123,0.526,0.255,0.152,0.007,0.06
1962:Q1,800217,241979,217941,260736,79561,594013,5.893,6.863,6.019,3.966,8.975,154537,63404,9596,45796,8012,81437,39123,23580,1055,9342,134.7,40.7,36.7,43.9,13.4,26,10.7,1.6,7.7,1.3,13.7,6.6,4,0.2,1.6,0.302,0.272,0.326,0.099,0.709,0.291,0.151,0.722,0.126,0.527,0.253,0.153,0.007,0.06
1961:Q4,788596,237897,214708,258176,77815,580612,7.274,10.532,9.209,2.538,7.98,152991,61717,9459,44478,7780,80611,38585,23247,1094,9454,135.8,41,37,44.5,13.4,26.3,10.6,1.6,7.7,1.3,13.9,6.6,4,0.2,1.6,0.302,0.272,0.327,0.099,0.713,0.287,0.153,0.721,0.126,0.527,0.252,0.152,0.007,0.062
1961:Q3,774513,231794,209878,256548,76293,567664,6.982,7.01,6.815,6.645,8.492,149684,60194,9145,43325,7724,79237,38319,22270,892,8966,136.4,40.8,37,45.2,13.4,26.4,10.6,1.6,7.6,1.4,14,6.8,3.9,0.2,1.6,0.299,0.271,0.331,0.099,0.713,0.287,0.152,0.72,0.128,0.529,0.256,0.149,0.006,0.06
1961:Q2,761226,227802,206361,252356,74707,555545,5.797,7.837,6.603,3.268,5.983,148196,58165,8927,41704,7534,78530,38092,22035,740,8799,137,41,37.1,45.4,13.4,26.7,10.5,1.6,7.5,1.4,14.1,6.9,4,0.1,1.6,0.299,0.271,0.332,0.098,0.718,0.282,0.153,0.717,0.13,0.53,0.257,0.149,0.005,0.059
1961:Q1,750351,223424,203010,250311,73606,545018,4.088,6.49,4.763,0.382,7.727,146198,56812,8968,40225,7619,76577,38570,21748,548,8755,137.7,41,37.2,45.9,13.5,26.8,10.4,1.6,7.4,1.4,14.1,7.1,4,0.1,1.6,0.298,0.271,0.334,0.098,0.72,0.28,0.158,0.708,0.134,0.524,0.264,0.149,0.004,0.06
1960:Q4,742760,219857,200620,250072,72211,540197,5.162,8.307,7.084,0.429,6.937,145595,55025,8858,38742,7425,76216,37651,21829,769,9130,137.5,40.7,37.1,46.3,13.4,27,10.2,1.6,7.2,1.4,14.1,7,4,0.1,1.7,0.296,0.27,0.337,0.097,0.726,0.274,0.161,0.704,0.135,0.523,0.259,0.15,0.005,0.063
1960:Q3,733297,215384,197129,249804,70980,545604,4.593,8.108,5.192,0.203,8.001,143167,53962,8631,37982,7349,74889,37653,21309,671,8645,134.4,39.5,36.1,45.8,13,26.2,9.9,1.6,7,1.3,13.7,6.9,3.9,0.1,1.6,0.294,0.269,0.341,0.097,0.726,0.274,0.16,0.704,0.136,0.523,0.263,0.149,0.005,0.06
1960:Q2,724973,211105,194603,249677,69588,541080,5.728,10.024,8.349,-0.514,8.308,141913,52690,8579,36854,7257,74107,37611,21084,548,8563,134,39,36,46.1,12.9,26.2,9.7,1.6,6.8,1.3,13.7,7,3.9,0.1,1.6,0.291,0.268,0.344,0.096,0.729,0.271,0.163,0.699,0.138,0.522,0.265,0.149,0.004,0.06
1960:Q1,714738,205944,190624,249998,68172,542648,4.329,7.181,7.977,-1.882,8.852,139272,51352,8480,35638,7233,73216,36775,20975,356,7950,131.7,38,35.1,46.1,12.6,25.7,9.5,1.6,6.6,1.3,13.5,6.8,3.9,0.1,1.5,0.288,0.267,0.35,0.095,0.731,0.269,0.165,0.694,0.141,0.526,0.264,0.151,0.003,0.057
1959:Q4,707085,202312,186897,251180,66696,528600,6.549,11.843,7.892,1.012,8.089,136647,50250,8343,34800,7107,72794,35439,21012,315,7087,133.8,38.3,35.4,47.5,12.6,25.9,9.5,1.6,6.6,1.3,13.8,6.7,4,0.1,1.3,0.286,0.264,0.355,0.094,0.731,0.269,0.166,0.693,0.141,0.533,0.259,0.154,0.002,0.052
1959:Q3,695695,196494,183281,250546,65374,525034,7.943,12.3,7.376,4.279,10.763,134057,49224,8037,34114,7073,71737,35042,20211,434,6633,132.5,37.4,34.9,47.7,12.5,25.5,9.4,1.5,6.5,1.3,13.7,6.7,3.8,0.1,1.3,0.282,0.263,0.36,0.094,0.731,0.269,0.163,0.693,0.144,0.535,0.261,0.151,0.003,0.049
1959:Q2,682180,190686,179940,247894,63661,522653,8.652,12.002,11.637,3.669,9.969,132392,47548,7733,32829,6986,71169,34103,20238,456,6426,130.5,36.5,34.4,47.4,12.2,25.3,9.1,1.5,6.3,1.3,13.6,6.5,3.9,0.1,1.2,0.28,0.264,0.363,0.093,0.736,0.264,0.163,0.69,0.147,0.538,0.258,0.153,0.003,0.049
1959:Q1,667735,185158,174823,245641,62113,510330,6.8,10.689,6.111,3.726,9.521,129231,45592,7410,31345,6837,70307,32075,20209,605,6035,130.8,36.3,34.3,48.1,12.2,25.3,8.9,1.5,6.1,1.3,13.8,6.3,4,0.1,1.2,0.277,0.262,0.368,0.093,0.739,0.261,0.163,0.688,0.15,0.544,0.248,0.156,0.005,0.047
1958:Q4,656559,180368,172148,243374,60669,499555,9.425,11.131,9.309,8.026,10.342,127968,44180,7288,30306,6586,69715,31650,20187,658,5758,131.4,36.1,34.5,48.7,12.1,25.6,8.8,1.5,6.1,1.3,14,6.3,4,0.1,1.2,0.275,0.262,0.371,0.092,0.743,0.257,0.165,0.686,0.149,0.545,0.247,0.158,0.005,0.045
1958:Q3,641445,175485,168233,238587,59140,485841,3.99,7.376,6.615,-1.535,9.273,125303,42930,6919,29599,6411,68463,31355,19214,732,5539,132,36.1,34.6,49.1,12.2,25.8,8.8,1.4,6.1,1.3,14.1,6.5,4,0.2,1.1,0.274,0.262,0.372,0.092,0.745,0.255,0.161,0.689,0.149,0.546,0.25,0.153,0.006,0.044
1958:Q2,635110,172308,165496,239506,57800,471978,6.344,4.983,5.084,7.354,9.885,123714,41782,6857,28626,6298,67017,31316,18938,800,5643,134.6,36.5,35.1,50.7,12.2,26.2,8.9,1.5,6.1,1.3,14.2,6.6,4,0.2,1.2,0.271,0.261,0.377,0.091,0.748,0.252,0.164,0.685,0.151,0.542,0.253,0.153,0.006,0.046
1958:Q1,625194,170187,163419,235182,56406,467540,4.746,3.828,5.982,3.33,9.935,122620,40799,6654,27849,6296,65937,31308,18713,687,5975,133.7,36.4,35,50.3,12.1,26.2,8.7,1.4,6,1.3,14.1,6.7,4,0.1,1.3,0.272,0.261,0.376,0.09,0.75,0.25,0.163,0.683,0.154,0.538,0.255,0.153,0.006,0.049
1957:Q4,617864,168574,161011,233240,55039,474864,3.234,5.199,6.475,-1.934,10.134,120633,40378,6732,27478,6168,64072,31971,18438,422,5730,130.1,35.5,33.9,49.1,11.6,25.4,8.5,1.4,5.8,1.3,13.5,6.7,3.9,0.1,1.2,0.273,0.261,0.377,0.089,0.749,0.251,0.167,0.681,0.153,0.531,0.265,0.153,0.003,0.047
1957:Q3,612909,166411,158446,234373,53679,479490,5.956,6.822,7.068,3.881,9.139,118734,39712,6415,27228,6069,62488,32571,17807,324,5544,127.8,34.7,33,48.9,11.2,24.8,8.3,1.3,5.7,1.3,13,6.8,3.7,0.1,1.2,0.272,0.259,0.382,0.088,0.749,0.251,0.162,0.686,0.153,0.526,0.274,0.15,0.003,0.047
1957:Q2,603916,163620,155695,232121,52480,472025,2.865,9.057,9.786,-7.031,8.619,116774,38921,6361,26588,5972,60975,32699,17697,343,5060,127.9,34.7,33,49.2,11.1,24.7,8.2,1.3,5.6,1.3,12.9,6.9,3.7,0.1,1.1,0.271,0.258,0.384,0.087,0.75,0.25,0.163,0.683,0.153,0.522,0.28,0.152,0.003,0.043
1957:Q1,599622,159998,151977,236274,51373,469779,6.034,9.201,8.291,2.102,7.876,113756,38221,6276,25933,6012,59510,31286,17629,344,4987,127.6,34.1,32.4,50.3,10.9,24.2,8.1,1.3,5.5,1.3,12.7,6.7,3.8,0.1,1.1,0.267,0.253,0.394,0.086,0.749,0.251,0.164,0.679,0.157,0.523,0.275,0.155,0.003,0.044
1956:Q4,590711,156400,148891,235039,50381,460463,5.414,9.945,7.549,0.6,7.968,110961,37930,6279,25715,5936,58040,30747,17127,378,4669,128.3,34,32.3,51,10.9,24.1,8.2,1.4,5.6,1.3,12.6,6.7,3.7,0.1,1,0.265,0.252,0.398,0.085,0.745,0.255,0.166,0.678,0.156,0.523,0.277,0.154,0.003,0.042
1956:Q3,582823,152606,146133,234687,49397,451191,4.604,8.273,8.758,-1.047,8.468,108575,37558,6343,25529,5686,57013,29999,16615,383,4565,129.2,33.8,32.4,52,10.9,24.1,8.3,1.4,5.7,1.3,12.6,6.6,3.7,0.1,1,0.262,0.251,0.403,0.085,0.743,0.257,0.169,0.68,0.151,0.525,0.276,0.153,0.004,0.042
1956:Q2,576192,149514,143002,235303,48373,446010,3.542,10.66,10.854,-6.207,9.368,106472,36530,6026,24898,5606,55946,29178,16532,323,4493,129.2,33.5,32.1,52.8,10.8,23.9,8.2,1.4,5.6,1.3,12.5,6.5,3.7,0.1,1,0.259,0.248,0.408,0.084,0.745,0.255,0.165,0.682,0.153,0.525,0.274,0.155,0.003,0.042
1956:Q1,571134,145632,139224,239012,47266,439746,5.173,11.498,9.32,-1.774,9.691,103791,35433,5832,24036,5565,54986,27469,16429,352,4555,129.9,33.1,31.7,54.4,10.7,23.6,8.1,1.3,5.5,1.3,12.5,6.2,3.7,0.1,1,0.255,0.244,0.418,0.083,0.745,0.255,0.165,0.678,0.157,0.53,0.265,0.158,0.003,0.044
1955:Q4,563842,141563,136054,240077,46148,437092,7.777,13.743,13.195,0.905,10.341,101216,34838,5737,23526,5575,54564,25662,16195,362,4433,129,32.4,31.1,54.9,10.6,23.2,8,1.3,5.4,1.3,12.5,5.9,3.7,0.1,1,0.251,0.241,0.426,0.082,0.744,0.256,0.165,0.675,0.16,0.539,0.254,0.16,0.004,0.044
1955:Q3,553187,136861,131806,239535,44985,430221,6.841,15.786,9.088,-0.087,11.244,97632,34174,5482,23247,5445,53253,24440,15355,360,4224,128.6,31.8,30.6,55.7,10.5,22.7,7.9,1.3,5.4,1.3,12.4,5.7,3.6,0.1,1,0.247,0.238,0.433,0.081,0.741,0.259,0.16,0.68,0.159,0.545,0.25,0.157,0.004,0.043
1955:Q2,543884,131664,128878,239587,43755,421532,7.938,18.856,10.816,-0.023,12.025,95914,32964,5136,22536,5292,52779,23441,15128,416,4150,129,31.2,30.6,56.8,10.4,22.8,7.8,1.2,5.3,1.3,12.5,5.6,3.6,0.1,1,0.242,0.237,0.441,0.08,0.744,0.256,0.156,0.684,0.161,0.55,0.244,0.158,0.004,0.043
1955:Q1,533301,125737,125485,239601,42478,413073,5.932,17.548,5.582,-0.989,13.391,93896,31589,4732,21643,5214,52055,22441,14935,483,3982,129.1,30.4,30.4,58,10.3,22.7,7.6,1.1,5.2,1.3,12.6,5.4,3.6,0.1,1,0.236,0.235,0.449,0.08,0.748,0.252,0.15,0.685,0.165,0.554,0.239,0.159,0.005,0.042
1954:Q4,525508,120453,123758,240195,41102,399734,7.293,15.446,4.167,3.803,14.043,92843,30915,4661,21176,5078,51547,21761,14636,531,4368,131.5,30.1,31,60.1,10.3,23.2,7.7,1.2,5.3,1.3,12.9,5.4,3.7,0.1,1.1,0.229,0.236,0.457,0.078,0.75,0.25,0.151,0.685,0.164,0.555,0.234,0.158,0.006,0.047
1954:Q3,516098,115975,122482,237933,39708,390996,5.226,11.727,7.211,-0.227,13.744,91872,30610,4903,20808,4899,50999,21875,14216,574,4208,132,29.7,31.3,60.9,10.2,23.5,7.8,1.3,5.3,1.3,13,5.6,3.6,0.1,1.1,0.225,0.237,0.461,0.077,0.75,0.25,0.16,0.68,0.16,0.555,0.238,0.155,0.006,0.046
1954:Q2,509442,112672,120313,238068,38389,386121,4.679,9.829,3.948,1.158,14.3,90725,29588,4632,20145,4811,49724,22054,14285,517,4145,131.9,29.2,31.2,61.7,9.9,23.5,7.7,1.2,5.2,1.2,12.9,5.7,3.7,0.1,1.1,0.221,0.236,0.467,0.075,0.754,0.246,0.157,0.681,0.163,0.548,0.243,0.157,0.006,0.046
1954:Q1,503551,109969,119137,237381,37064,385345,3.703,6.699,5.197,0.003,14.285,90352,28785,4612,19327,4846,48789,22399,14419,495,4250,130.7,28.5,30.9,61.6,9.6,23.4,7.5,1.2,5,1.3,12.7,5.8,3.7,0.1,1.1,0.218,0.237,0.471,0.074,0.758,0.242,0.16,0.671,0.168,0.54,0.248,0.16,0.005,0.047
1953:Q4,498932,108158,117609,237379,35786,385970,3.214,9.76,-0.489,0.467,14.694,89253,28356,4434,19148,4774,48012,22417,14142,402,4280,129.3,28,30.5,61.5,9.3,23.1,7.3,1.1,5,1.2,12.4,5.8,3.7,0.1,1.1,0.217,0.236,0.476,0.072,0.759,0.241,0.156,0.675,0.168,0.538,0.251,0.158,0.005,0.048
1953:Q3,494955,105582,117753,237102,34518,391171,8.267,9.293,5.678,8.125,15.117,89017,28736,5040,19002,4694,46800,23598,13761,334,4524,126.5,27,30.1,60.6,8.8,22.8,7.3,1.3,4.9,1.2,12,6,3.5,0.1,1.2,0.213,0.238,0.479,0.07,0.756,0.244,0.175,0.661,0.163,0.526,0.265,0.155,0.004,0.051
1953:Q2,484932,103184,116105,232382,33261,391749,6.403,13.755,5.274,2.513,15.581,87961,28144,4876,18609,4659,46270,23352,13696,324,4319,123.8,26.3,29.6,59.3,8.5,22.5,7.2,1.2,4.8,1.2,11.8,6,3.5,0.1,1.1,0.213,0.239,0.479,0.069,0.758,0.242,0.173,0.661,0.166,0.526,0.265,0.156,0.004,0.049
1953:Q1,476996,99754,114297,230931,32014,387980,7.032,17.404,6.256,1.918,15.834,86711,27586,4924,17974,4687,45257,23388,13756,334,3976,122.9,25.7,29.5,59.5,8.3,22.3,7.1,1.3,4.6,1.2,11.7,6,3.5,0.1,1,0.209,0.24,0.484,0.067,0.759,0.241,0.178,0.652,0.17,0.522,0.27,0.159,0.004,0.046
1952:Q4,468756,95595,112537,229829,30795,380812,6.999,16.162,8.787,1.208,16.754,85098,27439,4944,17814,4681,44497,22979,13464,331,3827,123.1,25.1,29.6,60.4,8.1,22.3,7.2,1.3,4.7,1.2,11.7,6,3.5,0.1,1,0.204,0.24,0.49,0.066,0.756,0.244,0.18,0.649,0.171,0.523,0.27,0.158,0.004,0.045
1952:Q3,460694,91882,110118,229137,29557,367701,7.133,12.853,8.935,2.838,16.795,83192,26926,4895,17549,4482,43470,22552,13250,335,3585,125.3,25,29.9,62.3,8,22.6,7.3,1.3,4.8,1.2,11.8,6.1,3.6,0.1,1,0.199,0.239,0.497,0.064,0.755,0.245,0.182,0.652,0.166,0.523,0.271,0.159,0.004,0.043
1952:Q2,452623,89022,107712,227523,28366,361030,8.597,15.508,8.662,2.156,42.045,81411,26301,4831,17030,4439,42343,22169,13260,328,3311,125.4,24.7,29.8,63,7.9,22.5,7.3,1.3,4.7,1.2,11.7,6.1,3.7,0.1,0.9,0.197,0.238,0.503,0.063,0.756,0.244,0.184,0.648,0.169,0.52,0.272,0.163,0.004,0.041
1952:Q1,443100,85700,105429,226303,25668,359820,8.062,10.797,6.254,5.006,35.309,79982,25447,4707,16343,4397,40873,22234,13385,289,3201,123.1,23.8,29.3,62.9,7.1,22.2,7.1,1.3,4.5,1.2,11.4,6.2,3.7,0.1,0.9,0.193,0.238,0.511,0.058,0.759,0.241,0.185,0.642,0.173,0.511,0.278,0.167,0.004,0.04
